travel_time,id,kind,action,origin,destination,start_time,reward,reward_right,cost_table
0.65,0,Human,0,0,0,12,-0.65,-0.65,"-0.6500020677154922,-1.018971682816"
0.65,1,Human,0,0,0,35,-0.65,-0.65,"-0.6542492996263237,-1.033160217635499"
0.55,2,Human,0,0,0,7,-0.55,-0.55,"-0.5485061243647668,-0.8704053515605334"
0.7,3,Human,0,0,0,44,-0.7,-0.7,"-0.7042304017833406,-1.0759647985692402"
0.6333333333333333,4,Human,0,0,0,28,-0.6333333333333333,-0.6333333333333333,"-0.6379912554693604,-0.9949913342154073"
0.4666666666666667,5,Human,0,0,0,3,-0.4666666666666667,-0.4666666666666667,"-0.4666666662133773,-0.8226028872362667"
0.7333333333333333,6,Human,0,0,0,40,-0.7333333333333333,-0.7333333333333333,"-0.7375257077570545,-1.1200191425576962"
0.6833333333333333,7,Human,0,0,0,22,-0.6833333333333333,-0.6833333333333333,"-0.6847393896785634,-1.0235456870400002"
0.6666666666666666,8,Human,0,0,0,49,-0.6666666666666666,-0.6666666666666666,"-0.6689912354405866,-1.064729327445695"
0.6333333333333333,9,Human,0,0,0,18,-0.6333333333333333,-0.6333333333333333,"-0.6368790806518293,-1.007570855594667"
0.5666666666666667,10,Human,0,0,0,10,-0.5666666666666667,-0.5666666666666667,"-0.5666666661162438,-0.9068052890965337"
0.6833333333333333,11,Human,0,0,0,50,-0.6833333333333333,-0.6833333333333333,"-0.6866545568276595,-0.999917565351251"
0.6333333333333333,12,Human,0,0,0,15,-0.6333333333333333,-0.6333333333333333,"-0.6366730025772993,-0.9162677845333336"
0.65,13,Human,0,0,0,20,-0.65,-0.65,"-0.6521001059113496,-0.9909815377237337"
0.65,14,Human,0,0,0,25,-0.65,-0.65,"-0.6549057737460976,-0.951241516755627"
0.65,15,Human,0,0,0,30,-0.65,-0.65,"-0.6522099080868522,-1.0056099148305753"
0.5,16,Human,0,0,0,5,-0.5,-0.5,"-0.5003629904556951,-0.8328923989333336"
0.65,17,Human,0,0,0,32,-0.65,-0.65,"-0.6543813446107272,-0.9950459108709719"
0.55,18,Human,0,0,0,8,-0.55,-0.55,"-0.5501806916020616,-0.8676898837162668"
0.6833333333333333,19,Human,0,0,0,38,-0.6833333333333333,-0.6833333333333333,"-0.685476899671232,-1.0594586419991896"
