travel_time,id,kind,action,origin,destination,start_time,reward,reward_right,cost_table
0.65,0,Human,0,0,0,12,-0.65,-0.65,"-0.6526666964655875,-1.018971682816"
0.6833333333333333,1,Human,0,0,0,35,-0.6833333333333333,-0.6833333333333333,"-0.6780098681948173,-1.033160217635499"
0.55,2,Human,0,0,0,7,-0.55,-0.55,"-0.5446451376498535,-0.8704053515605334"
0.8,3,Human,0,0,0,44,-0.8,-0.8,"-0.7296274719585779,-1.0841051721887256"
0.6666666666666666,4,Human,0,0,0,28,-0.6666666666666666,-0.6666666666666666,"-0.653417242998918,-1.0026597340389927"
0.4666666666666667,5,Human,0,0,0,3,-0.4666666666666667,-0.4666666666666667,"-0.4666666666601341,-0.8226028872362667"
0.7166666666666667,6,Human,0,0,0,40,-0.7166666666666667,-0.7166666666666667,"-0.7402894448095205,-1.1200191425576962"
1.1166666666666667,7,Human,1,0,0,22,-1.1166666666666667,-1.1166666666666667,"-0.6959100227850424,-1.0570692397056"
0.75,8,Human,0,0,0,49,-0.75,-0.75,"-0.6883515075256407,-1.064729327445695"
0.6333333333333333,9,Human,0,0,0,18,-0.6333333333333333,-0.6333333333333333,"-0.6367501502708344,-1.007570855594667"
0.5666666666666667,10,Human,0,0,0,10,-0.5666666666666667,-0.5666666666666667,"-0.5666666666587343,-0.9068052890965337"
0.75,11,Human,0,0,0,50,-0.75,-0.75,"-0.7064698181935182,-0.9999340522810007"
0.6333333333333333,12,Human,0,0,0,15,-0.6333333333333333,-0.6333333333333333,"-0.6360601621326509,-0.9296808942933336"
0.65,13,Human,0,0,0,20,-0.65,-0.65,"-0.6500302657158394,-0.9909815377237337"
0.65,14,Human,0,0,0,25,-0.65,-0.65,"-0.663443801537408,-0.971461237390268"
0.65,15,Human,0,0,0,30,-0.65,-0.65,"-0.66019399930692,-1.0056099148305753"
0.5,16,Human,0,0,0,5,-0.5,-0.5,"-0.5000052312437794,-0.8328923989333336"
0.6666666666666666,17,Human,0,0,0,32,-0.6666666666666666,-0.6666666666666666,"-0.6780441551635933,-0.9950459108709719"
0.55,18,Human,0,0,0,8,-0.55,-0.55,"-0.550003255050527,-0.8774852403063468"
0.6833333333333333,19,Human,0,0,0,38,-0.6833333333333333,-0.6833333333333333,"-0.7005814200465942,-1.0594586419991896"
