travel_time,id,kind,action,origin,destination,start_time,reward,reward_right,cost_table
0.6666666666666666,0,Human,0,0,0,12,-0.6666666666666666,-0.6666666666666666,"-0.6533333705819844,-1.018971682816"
0.7,1,Human,0,0,0,35,-0.7,-0.7,"-0.6766790019101883,-1.033160217635499"
0.5166666666666667,2,Human,0,0,0,7,-0.5166666666666667,-0.5166666666666667,"-0.5433064220623168,-0.8704053515605334"
0.6833333333333333,3,Human,0,0,0,44,-0.6833333333333333,-0.6833333333333333,"-0.7120343399482223,-1.0841051721887256"
0.7166666666666667,4,Human,0,0,0,28,-0.7166666666666667,-0.7166666666666667,"-0.6501048870819809,-1.0026597340389927"
0.4666666666666667,5,Human,0,0,0,3,-0.4666666666666667,-0.4666666666666667,"-0.466666666658501,-0.8226028872362667"
0.7166666666666667,6,Human,0,0,0,40,-0.7166666666666667,-0.7166666666666667,"-0.746195139345234,-1.1200191425576962"
0.75,7,Human,0,0,0,22,-0.75,-0.75,"-0.6959100227850424,-1.0421698829653334"
0.6333333333333333,8,Human,0,0,0,49,-0.6333333333333333,-0.6333333333333333,"-0.6729393844070508,-1.064729327445695"
0.65,9,Human,0,0,0,18,-0.65,-0.65,"-0.6376043545052096,-1.007570855594667"
0.5666666666666667,10,Human,0,0,0,10,-0.5666666666666667,-0.5666666666666667,"-0.5666666666567513,-0.9068052890965337"
0.65,11,Human,0,0,0,50,-0.65,-0.65,"-0.6955872727418977,-0.9999340522810007"
0.65,12,Human,0,0,0,15,-0.65,-0.65,"-0.6367418693324802,-0.9296808942933336"
0.65,13,Human,0,0,0,20,-0.65,-0.65,"-0.6500378321447993,-0.9909815377237337"
0.7333333333333333,14,Human,0,0,0,25,-0.7333333333333333,-0.7333333333333333,"-0.6668047519217599,-0.971461237390268"
0.7166666666666667,15,Human,0,0,0,30,-0.7166666666666667,-0.7166666666666667,"-0.66274249913365,-1.0056099148305753"
0.5,16,Human,0,0,0,5,-0.5,-0.5,"-0.5000065390547241,-0.8328923989333336"
0.7166666666666667,17,Human,0,0,0,32,-0.7166666666666667,-0.7166666666666667,"-0.680888527287825,-0.9950459108709719"
0.9166666666666666,18,Human,1,0,0,8,-0.9166666666666666,-0.9166666666666666,"-0.5500040688131588,-0.8774852403063468"
0.7166666666666667,19,Human,0,0,0,38,-0.7166666666666667,-0.7166666666666667,"-0.7048934417249093,-1.0594586419991896"
