travel_time,id,kind,action,origin,destination,start_time,reward,reward_right,cost_table
0.65,0,Human,0,0,0,12,-0.65,-0.65,"-0.6500568129066919,-1.018971682816"
0.65,1,Human,0,0,0,35,-0.65,-0.65,"-0.6534550595801313,-1.0452225392867194"
0.55,2,Human,0,0,0,7,-0.55,-0.55,"-0.5487942713160577,-0.8829909479150935"
0.6833333333333333,3,Human,0,0,0,44,-0.6833333333333333,-0.6833333333333333,"-0.6937693749192032,-1.0924939768674513"
1.0166666666666666,4,Human,1,0,0,28,-1.0166666666666666,-1.0166666666666666,"-0.6373735628388352,-1.0094951171612976"
0.4666666666666667,5,Human,0,0,0,3,-0.4666666666666667,-0.4666666666666667,"-0.4666666666666586,-0.83474897645568"
0.7,6,Human,0,0,0,40,-0.7,-0.7,"-0.7233199291176439,-1.1200191425576962"
0.6666666666666666,7,Human,0,0,0,22,-0.6666666666666666,-0.6666666666666666,"-0.6822501440738756,-1.0723220584311468"
0.8,8,Human,0,0,0,49,-0.8,-0.8,"-0.6889937752812394,-1.064729327445695"
0.6333333333333333,9,Human,0,0,0,18,-0.6333333333333333,-0.6333333333333333,"-0.6356393448182408,-1.007570855594667"
0.5666666666666667,10,Human,0,0,0,10,-0.5666666666666667,-0.5666666666666667,"-0.5666666666666591,-0.9068052890965337"
0.8,11,Human,0,0,0,50,-0.8,-0.8,"-0.7027350419296496,-0.9999340522810007"
0.6333333333333333,12,Human,0,0,0,15,-0.6333333333333333,-0.6333333333333333,"-0.6354725010542288,-0.9404113821013336"
0.65,13,Human,0,0,0,20,-0.65,-0.65,"-0.6512070992648922,-0.9909815377237337"
0.65,14,Human,0,0,0,25,-0.65,-0.65,"-0.6532704197664948,-0.971461237390268"
0.6333333333333333,15,Human,0,0,0,30,-0.6333333333333333,-0.6333333333333333,"-0.6488533176293506,-1.0155903454915685"
0.5,16,Human,0,0,0,5,-0.5,-0.5,"-0.5004581379398644,-0.8810511353173336"
1.0166666666666666,17,Human,1,0,0,32,-1.0166666666666666,-1.0166666666666666,"-0.6542254746012399,-1.0160241384260835"
0.55,18,Human,0,0,0,8,-0.55,-0.55,"-0.5502290699594002,-0.891590553796062"
0.6833333333333333,19,Human,0,0,0,38,-0.6833333333333333,-0.6833333333333333,"-0.6847825888569522,-1.0767201975461482"
