travel_time,id,kind,action,origin,destination,start_time,reward,reward_right,cost_table
1.15,0,Human,1,0,0,12,-1.15,-1.15,"-0.5962987584853334,-0.7591306666666667"
1.4166666666666667,1,Human,0,0,0,35,-1.4166666666666667,-1.4166666666666667,"-0.8949739946666668,-0.8988388266666669"
0.55,2,Human,0,0,0,7,-0.55,-0.55,"-0.5027086563328002,-0.5499200000000001"
1.1833333333333333,3,Human,1,0,0,44,-1.1833333333333333,-1.1833333333333333,"-0.9724710400000002,-0.9826324394666669"
1.0833333333333333,4,Human,1,0,0,28,-1.0833333333333333,-1.0833333333333333,"-0.8916106666666668,-0.9440083848533336"
0.4666666666666667,5,Human,0,0,0,3,-0.4666666666666667,-0.4666666666666667,"-0.4345975775232001,-0.52656"
1.1833333333333333,6,Human,1,0,0,40,-1.1833333333333333,-1.1833333333333333,"-1.0270999893333335,-0.9829058133333336"
1.15,7,Human,1,0,0,22,-1.15,-1.15,"-0.7988593442133335,-0.8467424000000001"
1.15,8,Human,1,0,0,49,-1.15,-1.15,"-0.9204396800000002,-0.9604024405333336"
0.6333333333333333,9,Human,0,0,0,18,-0.6333333333333333,-0.6333333333333333,"-0.6490037719040002,-0.7233066666666668"
0.5666666666666667,10,Human,0,0,0,10,-0.5666666666666667,-0.5666666666666667,"-0.5277256298496001,-0.5728533333333334"
1.2,11,Human,0,0,0,50,-1.2,-1.2,"-0.9330781866666669,-0.9428245333333336"
1.1166666666666667,12,Human,1,0,0,15,-1.1166666666666667,-1.1166666666666667,"-0.5928695773866668,-0.7721376000000001"
1.0833333333333333,13,Human,1,0,0,20,-1.0833333333333333,-1.0833333333333333,"-0.6601195554133334,-0.8035082666666669"
0.65,14,Human,0,0,0,25,-0.65,-0.65,"-0.7454328064,-0.8330278400000003"
1.1,15,Human,1,0,0,30,-1.1,-1.1,"-0.8460561493333335,-0.8940526080000002"
0.5,16,Human,0,0,0,5,-0.5,-0.5,"-0.4698380608853334,-0.5625866666666667"
0.65,17,Human,0,0,0,32,-0.65,-0.65,"-0.7378704298666667,-0.8424689066666669"
0.55,18,Human,0,0,0,8,-0.55,-0.55,"-0.5047647808853335,-0.633648"
1.1,19,Human,1,0,0,38,-1.1,-1.1,"-0.8155291733333336,-0.9678954325333335"
