travel_time,id,kind,action,origin,destination,start_time,reward,reward_right,cost_table
0.65,0,Human,0,0,0,12,-0.65,-0.65,"-0.6500095316240717,-1.018971682816"
0.65,1,Human,0,0,0,35,-0.65,-0.65,"-0.6698948628086875,-1.0452225392867194"
0.55,2,Human,0,0,0,7,-0.55,-0.55,"-0.5400839254598768,-0.9011142066656599"
0.7,3,Human,0,0,0,44,-0.7,-0.7,"-0.6964970745720447,-1.0924939768674513"
0.6333333333333333,4,Human,0,0,0,28,-0.6333333333333333,-0.6333333333333333,"-0.6630415713643673,-1.0094951171612976"
0.4666666666666667,5,Human,0,0,0,3,-0.4666666666666667,-0.4666666666666667,"-0.4666666666666646,-0.8522393449316352"
0.7333333333333333,6,Human,0,0,0,40,-0.7333333333333333,-0.7333333333333333,"-0.7291957628791139,-1.1200191425576962"
0.6833333333333333,7,Human,0,0,0,22,-0.6833333333333333,-0.6833333333333333,"-0.7049244043315854,-1.0723220584311468"
0.6666666666666666,8,Human,0,0,0,49,-0.6666666666666666,-0.6666666666666666,"-0.6631549339054882,-1.064729327445695"
0.6333333333333333,9,Human,0,0,0,18,-0.6333333333333333,-0.6333333333333333,"-0.6577202178611411,-1.007570855594667"
0.5666666666666667,10,Human,0,0,0,10,-0.5666666666666667,-0.5666666666666667,"-0.5666666666666654,-0.9068052890965337"
0.6833333333333333,11,Human,0,0,0,50,-0.6833333333333333,-0.6833333333333333,"-0.679330799892228,-0.9999340522810007"
0.6333333333333333,12,Human,0,0,0,15,-0.6333333333333333,-0.6333333333333333,"-0.6576922261224704,-0.9404113821013336"
0.65,13,Human,0,0,0,20,-0.65,-0.65,"-0.6646025176510055,-0.9909815377237337"
0.65,14,Human,0,0,0,25,-0.65,-0.65,"-0.6795790853883316,-0.971461237390268"
0.65,15,Human,0,0,0,30,-0.65,-0.65,"-0.6691228186218424,-1.0155903454915685"
0.5,16,Human,0,0,0,5,-0.5,-0.5,"-0.5049920627917491,-0.8810511353173336"
0.65,17,Human,0,0,0,32,-0.65,-0.65,"-0.6724817170008753,-1.0160241384260835"
0.55,18,Human,0,0,0,8,-0.55,-0.55,"-0.5524960315618799,-0.891590553796062"
0.6833333333333333,19,Human,0,0,0,38,-0.6833333333333333,-0.6833333333333333,"-0.690834078062923,-1.0767201975461482"
