travel_time,id,kind,action,origin,destination,start_time,reward,reward_right,cost_table
0.65,0,Human,0,0,0,12,-0.65,-0.65,"-0.6491262965588105,-1.018971682816"
0.7,1,Human,0,0,0,35,-0.7,-0.7,"-0.6605681901662526,-1.0528446980960422"
0.5166666666666667,2,Human,0,0,0,7,-0.5166666666666667,-0.5166666666666667,"-0.5413212621233018,-0.9011142066656599"
0.7,3,Human,0,0,0,44,-0.7,-0.7,"-0.7132991609847844,-1.0924939768674513"
0.7,4,Human,0,0,0,28,-0.7,-0.7,"-0.6684416274667389,-1.0109294270623714"
0.8833333333333333,5,Human,1,0,0,3,-0.8833333333333333,-0.8833333333333333,"-0.4666666666666666,-0.8634331807562465"
0.7333333333333333,6,Human,0,0,0,40,-0.7333333333333333,-0.7333333333333333,"-0.7477174440257988,-1.1200191425576962"
0.7333333333333333,7,Human,0,0,0,22,-0.7333333333333333,-0.7333333333333333,"-0.7135472341406492,-1.0723220584311468"
0.65,8,Human,0,0,0,49,-0.65,-0.65,"-0.6767572612733559,-1.064729327445695"
0.7166666666666667,9,Human,0,0,0,18,-0.7166666666666667,-0.7166666666666667,"-0.6508205770062155,-1.019390017809067"
0.5666666666666667,10,Human,0,0,0,10,-0.5666666666666667,-0.5666666666666667,"-0.5666666666666664,-0.9221108979438937"
0.6666666666666666,11,Human,0,0,0,50,-0.6666666666666666,-0.6666666666666666,"-0.6996241988751323,-0.9999472418248005"
0.7166666666666667,12,Human,0,0,0,15,-0.7166666666666667,-0.7166666666666667,"-0.6497823255488645,-0.9404113821013336"
0.7,13,Human,0,0,0,20,-0.7,-0.7,"-0.6595197222142478,-0.9909815377237337"
0.7166666666666667,14,Human,0,0,0,25,-0.7166666666666667,-0.7166666666666667,"-0.6853935093714663,-0.971461237390268"
0.7,15,Human,0,0,0,30,-0.7,-0.7,"-0.6793335647436002,-1.0191389430599216"
0.5,16,Human,0,0,0,5,-0.5,-0.5,"-0.5000575545654496,-0.8810511353173336"
0.7,17,Human,0,0,0,32,-0.7,-0.7,"-0.6846353373307624,-1.0194859774075336"
0.55,18,Human,0,0,0,8,-0.55,-0.55,"-0.5500359716057985,-0.9032724430368497"
0.7,19,Human,0,0,0,38,-0.7,-0.7,"-0.7016830310261163,-1.0767201975461482"
