travel_time,id,kind,action,origin,destination,start_time,reward,reward_right,cost_table
1.1333333333333333,0,Human,1,0,0,12,-1.1333333333333333,-1.1333333333333333,"-0.6359225417443793,-0.8339712000000001"
1.0333333333333334,1,Human,0,0,0,35,-1.0333333333333334,-1.0333333333333334,"-0.9527833565866668,-1.014312840055467"
0.9333333333333333,2,Human,1,0,0,7,-0.9333333333333333,-0.9333333333333333,"-0.529639572507132,-0.6932821333333334"
0.9666666666666667,3,Human,0,0,0,44,-0.9666666666666667,-0.9666666666666667,"-0.9712385058133336,-1.0634729138722137"
0.7,4,Human,0,0,0,28,-0.7,-0.7,"-0.8211074532693335,-0.9585400412160003"
0.4666666666666667,5,Human,0,0,0,3,-0.4666666666666667,-0.4666666666666667,"-0.4561582675361356,-0.6516650666666668"
1.1666666666666667,6,Human,1,0,0,40,-1.1666666666666667,-1.1666666666666667,"-1.0993439931733335,-1.0937799102464"
0.7333333333333333,7,Human,0,0,0,22,-0.7333333333333333,-0.7333333333333333,"-0.7667515632451585,-0.9565818026666668"
0.9333333333333333,8,Human,0,0,0,49,-0.9333333333333333,-0.9333333333333333,"-0.9853320929280002,-1.0215927162197336"
0.6666666666666666,9,Human,0,0,0,18,-0.6666666666666666,-0.6666666666666666,"-0.6533268893108363,-0.8469162666666669"
0.5666666666666667,10,Human,0,0,0,10,-0.5666666666666667,-0.5666666666666667,"-0.5539064677224504,-0.7252928000000002"
1.0333333333333334,11,Human,0,0,0,50,-1.0333333333333334,-1.0333333333333334,"-0.9823697268736001,-0.9914077013333336"
1.1166666666666667,12,Human,1,0,0,15,-1.1166666666666667,-1.1166666666666667,"-0.6770662691611172,-0.8410434133333335"
0.65,13,Human,0,0,0,20,-0.65,-0.65,"-0.6587285140676062,-0.8594732800000002"
0.7166666666666667,14,Human,0,0,0,25,-0.7166666666666667,-0.7166666666666667,"-0.7660043234140707,-0.8330278400000003"
0.7,15,Human,0,0,0,30,-0.7,-0.7,"-0.8161445987669336,-0.964021601962667"
0.5333333333333333,16,Human,0,0,0,5,-0.5333333333333333,-0.5333333333333333,"-0.4987598952993917,-0.6400693333333334"
1.0166666666666666,17,Human,1,0,0,32,-1.0166666666666666,-1.0166666666666666,"-0.8479117280733869,-0.9392107468800002"
0.5666666666666667,18,Human,0,0,0,8,-0.5666666666666667,-0.5666666666666667,"-0.5414751920537383,-0.7069184"
1.0333333333333334,19,Human,0,0,0,38,-1.0333333333333334,-1.0333333333333334,"-0.864833663691435,-0.9678954325333335"
