travel_time,id,kind,action,origin,destination,start_time,reward,reward_right,cost_table
0.6333333333333333,0,Human,0,0,0,12,-0.6333333333333333,-0.6333333333333333,"-0.6417483296930977,-0.8938436266666668"
0.65,1,Human,0,0,0,35,-0.65,-0.65,"-0.7954571777465955,-1.014312840055467"
0.55,2,Human,0,0,0,7,-0.55,-0.55,"-0.5404735755429144,-0.7412923733333334"
0.7833333333333333,3,Human,0,0,0,44,-0.7833333333333333,-0.7833333333333333,"-0.8380947841610114,-1.070778331097771"
0.6333333333333333,4,Human,0,0,0,28,-0.6333333333333333,-0.6333333333333333,"-0.7129188643604287,-0.9585400412160003"
0.4666666666666667,5,Human,0,0,0,3,-0.4666666666666667,-0.4666666666666667,"-0.46391195288499276,-0.7350656426666667"
0.8166666666666667,6,Human,0,0,0,40,-0.8166666666666667,-0.8166666666666667,"-0.8709572896510489,-1.0937799102464"
0.7,7,Human,0,0,0,22,-0.7,-0.7,"-0.7226439374362712,-0.9919321088000002"
0.7333333333333333,8,Human,0,0,0,49,-0.7333333333333333,-0.7333333333333333,"-0.8059538902681478,-1.0306075063091202"
1.1,9,Human,1,0,0,18,-1.1,-1.1,"-0.6611195907381667,-0.9353597440000001"
0.5666666666666667,10,Human,0,0,0,10,-0.5666666666666667,-0.5666666666666667,"-0.5639906589930406,-0.7735675733333335"
1.0,11,Human,1,0,0,50,-1.0,-1.0,"-0.9239786401274268,-1.0007472611328003"
0.6166666666666667,12,Human,0,0,0,15,-0.6166666666666667,-0.6166666666666667,"-0.6423253813837111,-0.8661680640000002"
0.6666666666666666,13,Human,0,0,0,20,-0.6666666666666666,-0.6666666666666666,"-0.6704931154067243,-0.8975786240000003"
1.0166666666666666,14,Human,1,0,0,25,-1.0166666666666666,-1.0166666666666666,"-0.7353158165523133,-0.8697556053333336"
0.65,15,Human,0,0,0,30,-0.65,-0.65,"-0.7532231430324925,-0.9889738252561069"
0.5,16,Human,0,0,0,5,-0.5,-0.5,"-0.5019244645280244,-0.7053888"
0.65,17,Human,0,0,0,32,-0.65,-0.65,"-0.7430703243019228,-0.9547019308373336"
0.55,18,Human,0,0,0,8,-0.55,-0.55,"-0.5482122181965884,-0.7588680533333333"
1.1333333333333333,19,Human,1,0,0,38,-1.1333333333333333,-1.1333333333333333,"-0.829173889268061,-1.022119743488"
