travel_time,id,kind,action,origin,destination,start_time,reward,reward_right,cost_table
0.65,0,Human,0,0,0,12,-0.65,-0.65,"-0.6433986637544782,-0.8938436266666668"
0.7666666666666667,1,Human,0,0,0,35,-0.7666666666666667,-0.7666666666666667,"-0.7896990755306098,-1.014312840055467"
0.5333333333333333,2,Human,0,0,0,7,-0.5333333333333333,-0.5333333333333333,"-0.5390455271009982,-0.7412923733333334"
0.7,3,Human,0,0,0,44,-0.7,-0.7,"-0.8104758273288092,-1.070778331097771"
0.7333333333333333,4,Human,0,0,0,28,-0.7333333333333333,-0.7333333333333333,"-0.7170017581550097,-0.9585400412160003"
0.4666666666666667,5,Human,0,0,0,3,-0.4666666666666667,-0.4666666666666667,"-0.46446289564132753,-0.7350656426666667"
0.7333333333333333,6,Human,0,0,0,40,-0.7333333333333333,-0.7333333333333333,"-0.8434324983875059,-1.0937799102464"
0.6666666666666666,7,Human,0,0,0,22,-0.6666666666666666,-0.6666666666666666,"-0.7114484832823503,-0.9919321088000002"
0.6666666666666666,8,Human,0,0,0,49,-0.6666666666666666,-0.6666666666666666,"-0.7780964455478516,-1.0306075063091202"
0.65,9,Human,0,0,0,18,-0.65,-0.65,"-0.6588956725905334,-0.9353597440000001"
0.9666666666666667,10,Human,1,0,0,10,-0.9666666666666667,-0.9666666666666667,"-0.5639906589930406,-0.8121873920000002"
0.6666666666666666,11,Human,0,0,0,50,-0.6666666666666666,-0.6666666666666666,"-0.8725162454352748,-1.0007472611328003"
0.6333333333333333,12,Human,0,0,0,15,-0.6333333333333333,-0.6333333333333333,"-0.6405269717736356,-0.8661680640000002"
0.6666666666666666,13,Human,0,0,0,20,-0.6666666666666666,-0.6666666666666666,"-0.6697278256587128,-0.8975786240000003"
0.75,14,Human,0,0,0,25,-0.75,-0.75,"-0.7382526532418506,-0.8697556053333336"
0.7333333333333333,15,Human,0,0,0,30,-0.7333333333333333,-0.7333333333333333,"-0.7492451810926608,-0.9889738252561069"
0.5,16,Human,0,0,0,5,-0.5,-0.5,"-0.5015395716224196,-0.7053888"
0.75,17,Human,0,0,0,32,-0.75,-0.75,"-0.7444562594415383,-0.9547019308373336"
0.55,18,Human,0,0,0,8,-0.55,-0.55,"-0.5485697745572707,-0.7588680533333333"
1.1,19,Human,1,0,0,38,-1.1,-1.1,"-0.829173889268061,-1.0376957947904002"
