travel_time,id,kind,action,origin,destination,start_time,reward,reward_right,cost_table
1.1,0,Human,1,0,0,12,-1.1,-1.1,"-0.6504534419331712,-0.9987146035200001"
0.8833333333333333,1,Human,0,0,0,35,-0.8833333333333333,-0.8833333333333333,"-0.7134154936557964,-1.024783605377707"
0.55,2,Human,0,0,0,7,-0.55,-0.55,"-0.5447960050813881,-0.8104271189333334"
0.85,3,Human,0,0,0,44,-0.85,-0.85,"-0.7319861771229692,-1.070778331097771"
0.6166666666666667,4,Human,0,0,0,28,-0.6166666666666667,-0.6166666666666667,"-0.6497358414256447,-0.9895725011025924"
0.4666666666666667,5,Human,0,0,0,3,-0.4666666666666667,-0.4666666666666667,"-0.46664634046661596,-0.807420275712"
0.9,6,Human,0,0,0,40,-0.9,-0.9,"-0.769507592260176,-1.1083572615304536"
0.6666666666666666,7,Human,0,0,0,22,-0.6666666666666666,-0.6666666666666666,"-0.6937082308170984,-0.9919321088000002"
1.1,8,Human,1,0,0,49,-1.1,-1.1,"-0.6750026861475963,-1.062882801000706"
0.6333333333333333,9,Human,0,0,0,18,-0.6333333333333333,-0.6333333333333333,"-0.6353816160629959,-1.007570855594667"
0.5666666666666667,10,Human,0,0,0,10,-0.5666666666666667,-0.5666666666666667,"-0.5666508703054844,-0.8497499136000002"
0.7833333333333333,11,Human,0,0,0,50,-0.7833333333333333,-0.7833333333333333,"-0.7084101845945514,-0.9959327448266617"
0.6166666666666667,12,Human,0,0,0,15,-0.6166666666666667,-0.6166666666666667,"-0.6302756693710414,-0.9162677845333336"
0.65,13,Human,0,0,0,20,-0.65,-0.65,"-0.6518829642464353,-0.9577836526933337"
1.0,14,Human,1,0,0,25,-1.0,-1.0,"-0.6739363358352112,-0.9279815365973336"
0.6333333333333333,15,Human,0,0,0,30,-0.6333333333333333,-0.6333333333333333,"-0.6563620847547942,-1.0056099148305753"
0.5,16,Human,0,0,0,5,-0.5,-0.5,"-0.5035447893568774,-0.7994488320000002"
0.65,17,Human,0,0,0,32,-0.65,-0.65,"-0.6667412816128359,-0.9637615446698669"
0.55,18,Human,0,0,0,8,-0.55,-0.55,"-0.5517561614606145,-0.8210088874666667"
0.8666666666666667,19,Human,0,0,0,38,-0.8666666666666667,-0.8666666666666667,"-0.7356452001688266,-1.0594586419991896"
