travel_time,id,kind,action,origin,destination,start_time,reward,reward_right,cost_table
0.65,0,Human,0,0,0,12,-0.65,-0.65,"-0.7536202735479468,0.0"
0.75,1,Human,0,0,0,35,-0.75,-0.75,"-0.8334892145186137,0.0"
0.55,2,Human,0,0,0,7,-0.55,-0.55,"-0.4719135829333335,-0.47232000000000013"
0.7,3,Human,0,0,0,44,-0.7,-0.7,"-0.8276102032315735,0.0"
0.6333333333333333,4,Human,0,0,0,28,-0.6333333333333333,-0.6333333333333333,"-0.7829701623534935,0.0"
0.4666666666666667,5,Human,0,0,0,3,-0.4666666666666667,-0.4666666666666667,"-0.4040317269333334,-0.4428000000000001"
1.0166666666666666,6,Human,1,0,0,40,-1.0166666666666666,-1.0166666666666666,"-0.7002888533333335,-0.7578336000000002"
0.6666666666666666,7,Human,0,0,0,22,-0.6666666666666666,-0.6666666666666666,"-0.7850244251101868,0.0"
0.9333333333333333,8,Human,1,0,0,49,-0.9333333333333333,-0.9333333333333333,"-0.6476032,-0.6970965333333334"
0.6333333333333333,9,Human,0,0,0,18,-0.6333333333333333,-0.6333333333333333,"-0.768005933165227,0.0"
0.5666666666666667,10,Human,0,0,0,10,-0.5666666666666667,-0.5666666666666667,"-0.6285506138658135,0.0"
0.95,11,Human,1,0,0,50,-0.95,-0.95,"-0.6574412800000001,-0.7072608"
0.6333333333333333,12,Human,0,0,0,15,-0.6333333333333333,-0.6333333333333333,"-0.5713656320000001,-0.5762720000000001"
0.9333333333333333,13,Human,1,0,0,20,-0.9333333333333333,-0.9333333333333333,"-0.6370184533333334,-0.6885632"
0.65,14,Human,0,0,0,25,-0.65,-0.65,"-0.5854067626666668,-0.5990880000000001"
0.65,15,Human,0,0,0,30,-0.65,-0.65,"-0.5840414293333334,-0.6053493333333335"
0.5,16,Human,0,0,0,5,-0.5,-0.5,"-0.4775330795520001,0.0"
0.7666666666666667,17,Human,0,0,0,32,-0.7666666666666667,-0.7666666666666667,"-0.6274067626666668,-0.6189600000000002"
0.55,18,Human,0,0,0,8,-0.55,-0.55,"-0.5198625599897602,0.0"
0.9833333333333333,19,Human,1,0,0,38,-0.9833333333333333,-0.9833333333333333,"-0.6821879466666668,-0.7276917333333334"
