travel_time,id,kind,action,origin,destination,start_time,reward,reward_right,cost_table
0.65,0,Human,0,0,0,12,-0.65,-0.65,"-0.6584927874486317,0.0"
0.85,1,Human,0,0,0,35,-0.85,-0.85,"-0.7165554464024685,0.0"
0.55,2,Human,0,0,0,7,-0.55,-0.55,"-0.5415448011820705,-0.5902848000000002"
0.85,3,Human,0,0,0,44,-0.85,-0.85,"-0.741541937990599,0.0"
0.8666666666666667,4,Human,0,0,0,28,-0.8666666666666667,-0.8666666666666667,"-0.7029945084106933,0.0"
0.4666666666666667,5,Human,0,0,0,3,-0.4666666666666667,-0.4666666666666667,"-0.4623624263828012,-0.5042400000000001"
0.8833333333333333,6,Human,0,0,0,40,-0.8833333333333333,-0.8833333333333333,"-0.7628138675053869,-0.8129335466666668"
0.6666666666666666,7,Human,0,0,0,22,-0.6666666666666666,-0.6666666666666666,"-0.6963487012028945,0.0"
0.8,8,Human,0,0,0,49,-0.8,-0.8,"-0.6941873549394926,-0.7443438933333334"
0.65,9,Human,0,0,0,18,-0.65,-0.65,"-0.6600735187790331,0.0"
0.5666666666666667,10,Human,0,0,0,10,-0.5666666666666667,-0.5666666666666667,"-0.5749621273092405,0.0"
0.8,11,Human,0,0,0,50,-0.8,-0.8,"-0.7090190473702463,-0.7558086400000001"
0.8666666666666667,12,Human,1,0,0,15,-0.8666666666666667,-0.8666666666666667,"-0.647298454987301,-0.6781474133333335"
0.65,13,Human,0,0,0,20,-0.65,-0.65,"-0.6589707644110743,-0.6885632"
0.8833333333333333,14,Human,1,0,0,25,-0.8833333333333333,-0.8833333333333333,"-0.6602046701488782,-0.6987496533333334"
0.8666666666666667,15,Human,0,0,0,30,-0.8666666666666667,-0.8666666666666667,"-0.7006874165775323,-0.6676128000000001"
0.5,16,Human,0,0,0,5,-0.5,-0.5,"-0.504670863625822,0.0"
0.8666666666666667,17,Human,0,0,0,32,-0.8666666666666667,-0.8666666666666667,"-0.7028968261377478,-0.6718346666666668"
0.55,18,Human,0,0,0,8,-0.55,-0.55,"-0.5512961745336004,0.0"
0.8666666666666667,19,Human,0,0,0,38,-0.8666666666666667,-0.8666666666666667,"-0.7289409287529399,-0.7754867200000001"
