travel_time,id,kind,action,origin,destination,start_time,reward,reward_right,cost_table
0.65,0,Human,0,0,0,12,-0.65,-0.65,"-0.6504668959276002,0.0"
0.65,1,Human,0,0,0,35,-0.65,-0.65,"-0.6536589243605669,0.0"
0.55,2,Human,0,0,0,7,-0.55,-0.55,"-0.5495351705292265,-0.5902848000000002"
0.7,3,Human,0,0,0,44,-0.7,-0.7,"-0.7038872466502242,0.0"
0.6333333333333333,4,Human,0,0,0,28,-0.6333333333333333,-0.6333333333333333,"-0.6371629969334385,0.0"
0.4666666666666667,5,Human,0,0,0,3,-0.4666666666666667,-0.4666666666666667,"-0.4664300385546241,-0.5042400000000001"
0.7333333333333333,6,Human,0,0,0,40,-0.7333333333333333,-0.7333333333333333,"-0.7365574972962678,-0.8129335466666668"
0.6833333333333333,7,Human,0,0,0,22,-0.6833333333333333,-0.6833333333333333,"-0.6840488607489518,0.0"
0.6666666666666666,8,Human,0,0,0,49,-0.6666666666666666,-0.6666666666666666,"-0.6695540220394051,-0.7443438933333334"
0.6333333333333333,9,Human,0,0,0,18,-0.6333333333333333,-0.6333333333333333,"-0.6348033905746553,0.0"
0.5666666666666667,10,Human,0,0,0,10,-0.5666666666666667,-0.5666666666666667,"-0.5671227144383801,0.0"
0.6833333333333333,11,Human,0,0,0,50,-0.6833333333333333,-0.6833333333333333,"-0.6861198099306195,-0.7558086400000001"
0.6333333333333333,12,Human,0,0,0,15,-0.6333333333333333,-0.6333333333333333,"-0.6341010740154258,-0.6781474133333335"
0.65,13,Human,0,0,0,20,-0.65,-0.65,"-0.6504931729890009,-0.6885632"
0.65,14,Human,0,0,0,25,-0.65,-0.65,"-0.650790072596769,-0.6987496533333334"
0.65,15,Human,0,0,0,30,-0.65,-0.65,"-0.6534832127443078,-0.7174235733333335"
0.5,16,Human,0,0,0,5,-0.5,-0.5,"-0.5002567834434174,0.0"
0.65,17,Human,0,0,0,32,-0.65,-0.65,"-0.6536350422131814,-0.7241344000000001"
0.55,18,Human,0,0,0,8,-0.55,-0.55,"-0.5500712579485662,0.0"
0.6833333333333333,19,Human,0,0,0,38,-0.6833333333333333,-0.6833333333333333,"-0.6858406374072717,-0.7754867200000001"
