travel_time,id,kind,action,origin,destination,start_time,reward,reward_right,cost_table
0.65,0,Human,0,0,0,12,-0.65,-0.65,"-0.6895264000000001,0.0"
0.7666666666666667,1,Human,0,0,0,35,-0.7666666666666667,-0.7666666666666667,"-0.6603797333333334,0.0"
0.55,2,Human,0,0,0,7,-0.55,-0.55,"-0.3247200000000001,-0.28800000000000003"
0.7333333333333333,3,Human,0,0,0,44,-0.7333333333333333,-0.7333333333333333,"-0.6491178666666666,0.0"
0.75,4,Human,0,0,0,28,-0.75,-0.75,"-0.6690741333333334,0.0"
0.4666666666666667,5,Human,0,0,0,3,-0.4666666666666667,-0.4666666666666667,"-0.27552000000000004,-0.27"
0.7666666666666667,6,Human,0,0,0,40,-0.7666666666666667,-0.7666666666666667,"-0.4396266666666667,-0.366"
0.6666666666666666,7,Human,0,0,0,22,-0.6666666666666666,-0.6666666666666666,"-0.6862976000000001,0.0"
0.7,8,Human,0,0,0,49,-0.7,-0.7,"-0.40026666666666666,-0.342"
0.65,9,Human,0,0,0,18,-0.65,-0.65,"-0.6700661333333335,0.0"
0.5666666666666667,10,Human,0,0,0,10,-0.5666666666666667,-0.5666666666666667,"-0.5125824000000001,0.0"
0.7166666666666667,11,Human,0,0,0,50,-0.7166666666666667,-0.7166666666666667,"-0.41010666666666673,-0.3480000000000001"
0.8666666666666667,12,Human,1,0,0,15,-0.8666666666666667,-0.8666666666666667,"-0.3090666666666667,-0.41813333333333336"
0.65,13,Human,0,0,0,20,-0.65,-0.65,"-0.38376000000000005,-0.342"
0.75,14,Human,0,0,0,25,-0.75,-0.75,"-0.40376000000000006,-0.32400000000000007"
0.7333333333333333,15,Human,0,0,0,30,-0.7333333333333333,-0.7333333333333333,"-0.4004266666666667,-0.318"
0.5,16,Human,0,0,0,5,-0.5,-0.5,"-0.3724266666666667,0.0"
0.75,17,Human,0,0,0,32,-0.75,-0.75,"-0.40376000000000006,-0.33000000000000007"
0.55,18,Human,0,0,0,8,-0.55,-0.55,"-0.40232213333333344,0.0"
0.75,19,Human,0,0,0,38,-0.75,-0.75,"-0.41677333333333344,-0.354"
