travel_time,id,kind,action,origin,destination,start_time,reward,reward_right,cost_table
0.65,0,Human,0,0,0,12,-0.65,-0.65,"-0.6500001893954891,0.0"
0.65,1,Human,0,0,0,35,-0.65,-0.65,"-0.650001484236052,0.0"
0.55,2,Human,0,0,0,7,-0.55,-0.55,"-0.5499998114427658,-0.5902848000000002"
0.7,3,Human,0,0,0,44,-0.7,-0.7,"-0.700001576854576,0.0"
0.6333333333333333,4,Human,0,0,0,28,-0.6333333333333333,-0.6333333333333333,"-0.6333348868294493,0.0"
0.4666666666666667,5,Human,0,0,0,3,-0.4666666666666667,-0.4666666666666667,"-0.4666665706789009,-0.5042400000000001"
0.7333333333333333,6,Human,0,0,0,40,-0.7333333333333333,-0.7333333333333333,"-0.7333346412096158,-0.8129335466666668"
0.6833333333333333,7,Human,0,0,0,22,-0.6833333333333333,-0.6833333333333333,"-0.6833336235857362,0.0"
0.6666666666666666,8,Human,0,0,0,49,-0.6666666666666666,-0.6666666666666666,"-0.6666678379171534,-0.7443438933333334"
0.6333333333333333,9,Human,0,0,0,18,-0.6333333333333333,-0.6333333333333333,"-0.6333339296593957,0.0"
0.5666666666666667,10,Human,0,0,0,10,-0.5666666666666667,-0.5666666666666667,"-0.5666668516616208,0.0"
0.6833333333333333,11,Human,0,0,0,50,-0.6833333333333333,-0.6833333333333333,"-0.6833344636625277,-0.7558086400000001"
0.6333333333333333,12,Human,0,0,0,15,-0.6333333333333333,-0.6333333333333333,"-0.6333336447659532,-0.6781474133333335"
0.65,13,Human,0,0,0,20,-0.65,-0.65,"-0.6500002000547315,-0.6885632"
0.65,14,Human,0,0,0,25,-0.65,-0.65,"-0.6500003204915206,-0.6987496533333334"
0.65,15,Human,0,0,0,30,-0.65,-0.65,"-0.6500014129589524,-0.7174235733333335"
0.5,16,Human,0,0,0,5,-0.5,-0.5,"-0.5000001041637397,0.0"
0.65,17,Human,0,0,0,32,-0.65,-0.65,"-0.650001474548302,-0.7241344000000001"
0.55,18,Human,0,0,0,8,-0.55,-0.55,"-0.5500000289056582,0.0"
0.6833333333333333,19,Human,0,0,0,38,-0.6833333333333333,-0.6833333333333333,"-0.6833343504166982,-0.7754867200000001"
