travel_time,id,kind,action,origin,destination,start_time,reward,reward_right,cost_table
0.65,0,Human,0,0,0,12,-0.65,-0.65,"-0.6214126976778241,-0.6624533333333333"
0.65,1,Human,0,0,0,35,-0.65,-0.65,"-0.6589356208240766,0.0"
0.55,2,Human,0,0,0,7,-0.55,-0.55,"-0.5198529341494615,-0.5476266666666667"
0.7,3,Human,0,0,0,44,-0.7,-0.7,"-0.6681918316489388,-0.66688"
0.6333333333333333,4,Human,0,0,0,28,-0.6333333333333333,-0.6333333333333333,"-0.6387905650820909,0.0"
0.4666666666666667,5,Human,0,0,0,3,-0.4666666666666667,-0.4666666666666667,"-0.4461424496148481,-0.5215200000000001"
1.1333333333333333,6,Human,1,0,0,40,-1.1333333333333333,-1.1333333333333333,"-0.6890739368482135,-0.7705813333333333"
0.6666666666666666,7,Human,0,0,0,22,-0.6666666666666666,-0.6666666666666666,"-0.6797355374218839,0.0"
0.65,8,Human,0,0,0,49,-0.65,-0.65,"-0.6559616681019311,0.0"
0.6333333333333333,9,Human,0,0,0,18,-0.6333333333333333,-0.6333333333333333,"-0.6395909274488539,0.0"
0.5666666666666667,10,Human,0,0,0,10,-0.5666666666666667,-0.5666666666666667,"-0.5564585075112938,0.0"
0.6666666666666666,11,Human,0,0,0,50,-0.6666666666666666,-0.6666666666666666,"-0.681912298601203,0.0"
0.6333333333333333,12,Human,0,0,0,15,-0.6333333333333333,-0.6333333333333333,"-0.6379941452904837,0.0"
1.0666666666666667,13,Human,1,0,0,20,-1.0666666666666667,-1.0666666666666667,"-0.6259960064546135,-0.7102933333333333"
0.65,14,Human,0,0,0,25,-0.65,-0.65,"-0.6578495656402662,0.0"
0.65,15,Human,0,0,0,30,-0.65,-0.65,"-0.6212990208546134,-0.689952"
0.5,16,Human,0,0,0,5,-0.5,-0.5,"-0.49384328338756966,0.0"
0.65,17,Human,0,0,0,32,-0.65,-0.65,"-0.6509221436339477,0.0"
0.55,18,Human,0,0,0,8,-0.55,-0.55,"-0.5413765846525849,0.0"
0.6833333333333333,19,Human,0,0,0,38,-0.6833333333333333,-0.6833333333333333,"-0.689855937990488,0.0"
