travel_time,id,kind,action,origin,destination,start_time,reward,reward_right,cost_table
1.1333333333333333,0,Human,1,0,0,12,-1.1333333333333333,-1.1333333333333333,"-0.13,-0.22666666666666668"
1.35,1,Human,0,0,0,35,-1.35,-1.35,"-0.374,0.0"
0.9,2,Human,1,0,0,7,-0.9,-0.9,"-0.11000000000000001,-0.18000000000000002"
1.1166666666666667,3,Human,1,0,0,44,-1.1166666666666667,-1.1166666666666667,"-0.13999999999999999,-0.22333333333333336"
1.25,4,Human,0,0,0,28,-1.25,-1.25,"-0.35133333333333333,0.0"
0.8833333333333333,5,Human,1,0,0,3,-0.8833333333333333,-0.8833333333333333,"-0.09333333333333334,-0.17666666666666667"
1.15,6,Human,1,0,0,40,-1.15,-1.15,"-0.14666666666666667,-0.22999999999999998"
1.3,7,Human,0,0,0,22,-1.3,-1.3,"-0.36933333333333335,0.0"
1.2,8,Human,0,0,0,49,-1.2,-1.2,"-0.3466666666666667,0.0"
1.3166666666666667,9,Human,0,0,0,18,-1.3166666666666667,-1.3166666666666667,"-0.3646666666666667,0.0"
0.5666666666666667,10,Human,0,0,0,10,-0.5666666666666667,-0.5666666666666667,"-0.20400000000000001,0.0"
1.2,11,Human,0,0,0,50,-1.2,-1.2,"-0.34933333333333333,0.0"
1.3166666666666667,12,Human,0,0,0,15,-1.3166666666666667,-1.3166666666666667,"-0.3646666666666667,0.0"
1.0833333333333333,13,Human,1,0,0,20,-1.0833333333333333,-1.0833333333333333,"-0.13,-0.21666666666666667"
1.2666666666666666,14,Human,0,0,0,25,-1.2666666666666666,-1.2666666666666666,"-0.3573333333333334,0.0"
1.0166666666666666,15,Human,1,0,0,30,-1.0166666666666666,-1.0166666666666666,"-0.13,-0.20333333333333334"
0.5166666666666667,16,Human,0,0,0,5,-0.5166666666666667,-0.5166666666666667,"-0.18333333333333335,0.0"
1.3666666666666667,17,Human,0,0,0,32,-1.3666666666666667,-1.3666666666666667,"-0.3773333333333334,0.0"
0.5333333333333333,18,Human,0,0,0,8,-0.5333333333333333,-0.5333333333333333,"-0.1946666666666667,0.0"
1.35,19,Human,0,0,0,38,-1.35,-1.35,"-0.37933333333333336,0.0"
