travel_time,id,kind,action,origin,destination,start_time,reward,reward_right,cost_table
0.65,0,Human,0,0,0,12,-0.65,-0.65,"-0.6245058720972801,0.0"
0.6666666666666666,1,Human,0,0,0,35,-0.6666666666666666,-0.6666666666666666,"-0.7009284828364801,0.0"
0.55,2,Human,0,0,0,7,-0.55,-0.55,"-0.5104758933230934,0.0"
0.9833333333333333,3,Human,1,0,0,44,-0.9833333333333333,-0.9833333333333333,"-0.6152261546666667,-0.6820640000000001"
0.9,4,Human,1,0,0,28,-0.9,-0.9,"-0.5350776320000001,-0.5998826666666668"
0.4666666666666667,5,Human,0,0,0,3,-0.4666666666666667,-0.4666666666666667,"-0.4040317269333334,-0.4428000000000001"
1.0166666666666666,6,Human,1,0,0,40,-1.0166666666666666,-1.0166666666666666,"-0.6323004160000001,-0.686064"
0.6666666666666666,7,Human,0,0,0,22,-0.6666666666666666,-0.6666666666666666,"-0.7319342229640535,0.0"
1.0333333333333334,8,Human,0,0,0,49,-1.0333333333333334,-1.0333333333333334,"-0.8233384983210669,0.0"
0.6333333333333333,9,Human,0,0,0,18,-0.6333333333333333,-0.6333333333333333,"-0.5547287722666668,-0.5542133333333334"
0.5666666666666667,10,Human,0,0,0,10,-0.5666666666666667,-0.5666666666666667,"-0.5488396336332801,0.0"
0.9333333333333333,11,Human,1,0,0,50,-0.9333333333333333,-0.9333333333333333,"-0.5932223573333335,-0.632704"
0.6333333333333333,12,Human,0,0,0,15,-0.6333333333333333,-0.6333333333333333,"-0.650598946106027,0.0"
0.65,13,Human,0,0,0,20,-0.65,-0.65,"-0.7071800756770136,0.0"
0.65,14,Human,0,0,0,25,-0.65,-0.65,"-0.7092142792567468,0.0"
0.6333333333333333,15,Human,0,0,0,30,-0.6333333333333333,-0.6333333333333333,"-0.6938050018508802,0.0"
0.5,16,Human,0,0,0,5,-0.5,-0.5,"-0.4725122093056,0.0"
0.65,17,Human,0,0,0,32,-0.65,-0.65,"-0.6363517866666668,-0.6517728000000002"
0.55,18,Human,0,0,0,8,-0.55,-0.55,"-0.47618024960000016,-0.4658133333333334"
1.1833333333333333,19,Human,0,0,0,38,-1.1833333333333333,-1.1833333333333333,"-0.8723012006024536,0.0"
