travel_time,id,kind,action,origin,destination,start_time,reward,reward_right,cost_table
0.65,0,Human,0,0,0,12,-0.65,-0.65,"-0.6512823797523343,0.0"
0.65,1,Human,0,0,0,35,-0.65,-0.65,"-0.6753996154566518,0.0"
0.55,2,Human,0,0,0,7,-0.55,-0.55,"-0.5432402414116576,0.0"
0.7,3,Human,0,0,0,44,-0.7,-0.7,"-0.7021857947061949,-0.7489845333333335"
0.6333333333333333,4,Human,0,0,0,28,-0.6333333333333333,-0.6333333333333333,"-0.6401413722473782,-0.6632394666666668"
0.4666666666666667,5,Human,0,0,0,3,-0.4666666666666667,-0.4666666666666667,"-0.4623624263828012,-0.5042400000000001"
0.7333333333333333,6,Human,0,0,0,40,-0.7333333333333333,-0.7333333333333333,"-0.7351230979664085,-0.7555178666666666"
0.6833333333333333,7,Human,0,0,0,22,-0.6833333333333333,-0.6833333333333333,"-0.694648939513862,0.0"
0.6666666666666666,8,Human,0,0,0,49,-0.6666666666666666,-0.6666666666666666,"-0.6800097126889822,0.0"
0.6333333333333333,9,Human,0,0,0,18,-0.6333333333333333,-0.6333333333333333,"-0.6377360262847115,-0.6913632000000001"
0.5666666666666667,10,Human,0,0,0,10,-0.5666666666666667,-0.5666666666666667,"-0.5705799698278857,0.0"
0.6833333333333333,11,Human,0,0,0,50,-0.6833333333333333,-0.6833333333333333,"-0.6817331665920434,-0.6828298666666667"
0.6333333333333333,12,Human,0,0,0,15,-0.6333333333333333,-0.6333333333333333,"-0.6447065813478929,0.0"
0.65,13,Human,0,0,0,20,-0.65,-0.65,"-0.6656037129192395,0.0"
0.65,14,Human,0,0,0,25,-0.65,-0.65,"-0.6648201968545786,0.0"
0.65,15,Human,0,0,0,30,-0.65,-0.65,"-0.6734686018724364,0.0"
0.5,16,Human,0,0,0,5,-0.5,-0.5,"-0.4984888427254819,0.0"
0.65,17,Human,0,0,0,32,-0.65,-0.65,"-0.6721631705506854,-0.6980849066666668"
0.55,18,Human,0,0,0,8,-0.55,-0.55,"-0.5436589317246625,-0.5861205333333335"
0.6833333333333333,19,Human,0,0,0,38,-0.6833333333333333,-0.6833333333333333,"-0.7062571290254818,0.0"
