travel_time,id,kind,action,origin,destination,start_time,reward,reward_right
4.433333333333334,5,AV,2,0,0,2100,-4.433333333333334,
2.316666666666667,4,AV,2,1,1,1842,-2.316666666666667,
3.2333333333333334,2,AV,1,1,0,1065,-3.2333333333333334,
1.7333333333333334,6,AV,0,0,1,1598,-1.7333333333333334,
2.0,0,Human,1,0,1,1022,-2.0,-2.0
1.85,1,Human,2,0,1,1807,-1.85,-1.85
3.85,3,Human,0,1,0,1818,-3.85,-3.933333333333333
1.7666666666666666,7,Human,1,0,1,525,-1.7666666666666666,-1.75
