{"train/episode_reward": -1.8666666746139526, "trainer/step": 2, "_timestamp": 1721385021.6359107, "_runtime": 34.81467366218567, "_step": 0}