{"train/episode_reward": -1.8666666746139526, "trainer/step": 4, "_timestamp": 1721385514.882317, "_runtime": 67.88012909889221, "_step": 1}