travel_time,id,kind,action,origin,destination,start_time,reward,reward_right,cost_table
0.6333333333333333,0,Human,0,0,0,12,-0.6333333333333333,-0.6333333333333333,"-0.701464028601598,0.0"
0.9,1,Human,0,0,0,35,-0.9,-0.9,"-0.9042901926439058,0.0"
0.55,2,Human,0,0,0,7,-0.55,-0.55,"-0.5405778134459772,-0.5756100266666668"
0.8833333333333333,3,Human,1,0,0,44,-0.8833333333333333,-0.8833333333333333,"-0.8120948888862722,-0.8189191425365334"
0.8166666666666667,4,Human,1,0,0,28,-0.8166666666666667,-0.8166666666666667,"-0.8262314062506668,-0.789960763022268"
0.4666666666666667,5,Human,0,0,0,3,-0.4666666666666667,-0.4666666666666667,"-0.4623624263828012,-0.47062400000000004"
1.1,6,Human,0,0,0,40,-1.1,-1.1,"-0.9591678999796069,0.0"
0.9666666666666667,7,Human,0,0,0,22,-0.9666666666666667,-0.9666666666666667,"-0.8284925754114286,0.0"
0.9666666666666667,8,Human,0,0,0,49,-0.9666666666666667,-0.9666666666666667,"-0.8292744847633069,-0.7992745876821337"
0.8833333333333333,9,Human,1,0,0,18,-0.8833333333333333,-0.8833333333333333,"-0.6816341418553379,-0.7215269973333334"
0.5666666666666667,10,Human,0,0,0,10,-0.5666666666666667,-0.5666666666666667,"-0.6359836114952631,0.0"
0.8166666666666667,11,Human,1,0,0,50,-0.8166666666666667,-0.8166666666666667,"-0.8092437923976536,-0.8098354912870402"
0.6166666666666667,12,Human,0,0,0,15,-0.6166666666666667,-0.6166666666666667,"-0.6208570399070925,-0.6539714133333334"
0.9,13,Human,1,0,0,20,-0.9,-0.9,"-0.784380407528926,-0.7977657815040001"
0.95,14,Human,0,0,0,25,-0.95,-0.95,"-0.8542001302379036,0.0"
0.8833333333333333,15,Human,0,0,0,30,-0.8833333333333333,-0.8833333333333333,"-0.859115386725162,0.0"
0.5,16,Human,0,0,0,5,-0.5,-0.5,"-0.5053178191948572,0.0"
0.9,17,Human,0,0,0,32,-0.9,-0.9,"-0.7834114729738242,-0.7586095257600002"
0.55,18,Human,0,0,0,8,-0.55,-0.55,"-0.5560558683367948,0.0"
1.0833333333333333,19,Human,0,0,0,38,-1.0833333333333333,-1.0833333333333333,"-0.9440417532037567,0.0"
