travel_time,id,kind,action,origin,destination,start_time,reward,reward_right,cost_table
0.65,0,Human,0,0,0,12,-0.65,-0.65,"-0.6511588669001658,0.0"
0.65,1,Human,0,0,0,35,-0.65,-0.65,"-0.6654650303272014,0.0"
0.55,2,Human,0,0,0,7,-0.55,-0.55,"-0.5497878312207316,-0.5756100266666668"
0.7,3,Human,0,0,0,44,-0.7,-0.7,"-0.7078631060856653,-0.8189191425365334"
0.6333333333333333,4,Human,0,0,0,28,-0.6333333333333333,-0.6333333333333333,"-0.6499031516261611,-0.8294610742617097"
0.4666666666666667,5,Human,0,0,0,3,-0.4666666666666667,-0.4666666666666667,"-0.4665697437919741,-0.47062400000000004"
0.7333333333333333,6,Human,0,0,0,40,-0.7333333333333333,-0.7333333333333333,"-0.7437576292708843,0.0"
0.6833333333333333,7,Human,0,0,0,22,-0.6833333333333333,-0.6833333333333333,"-0.6855456730796093,0.0"
0.6666666666666666,8,Human,0,0,0,49,-0.6666666666666666,-0.6666666666666666,"-0.6789863154517172,-0.8300449635583484"
0.6333333333333333,9,Human,0,0,0,18,-0.6333333333333333,-0.6333333333333333,"-0.6344209708496406,-0.7215269973333334"
0.5666666666666667,10,Human,0,0,0,10,-0.5666666666666667,-0.5666666666666667,"-0.5682275455011696,0.0"
0.6833333333333333,11,Human,0,0,0,50,-0.6833333333333333,-0.6833333333333333,"-0.6927661916813092,-0.8302947144237058"
0.6333333333333333,12,Human,0,0,0,15,-0.6333333333333333,-0.6333333333333333,"-0.6330523921812067,-0.6539714133333334"
0.65,13,Human,0,0,0,20,-0.65,-0.65,"-0.653025977766366,-0.7977657815040001"
0.65,14,Human,0,0,0,25,-0.65,-0.65,"-0.6545981781522423,0.0"
0.65,15,Human,0,0,0,30,-0.65,-0.65,"-0.6536525040922787,0.0"
0.5,16,Human,0,0,0,5,-0.5,-0.5,"-0.500119746642722,0.0"
0.65,17,Human,0,0,0,32,-0.65,-0.65,"-0.6619729379703523,-0.7928864617512962"
0.55,18,Human,0,0,0,8,-0.55,-0.55,"-0.5501363660319251,0.0"
0.6833333333333333,19,Human,0,0,0,38,-0.6833333333333333,-0.6833333333333333,"-0.6968301776964919,0.0"
