travel_time,id,kind,action,origin,destination,start_time,reward,reward_right,cost_table
0.65,0,Human,0,0,0,12,-0.65,-0.65,"-0.650004378075366,0.0"
0.65,1,Human,0,0,0,35,-0.65,-0.65,"-0.6500584252326992,0.0"
0.55,2,Human,0,0,0,7,-0.55,-0.55,"-0.5499991984490146,-0.5756100266666668"
0.7,3,Human,0,0,0,44,-0.7,-0.7,"-0.7000297059749043,-0.8189191425365334"
0.6333333333333333,4,Human,0,0,0,28,-0.6333333333333333,-0.6333333333333333,"-0.6333959323369603,-0.8294610742617097"
0.4666666666666667,5,Human,0,0,0,3,-0.4666666666666667,-0.4666666666666667,"-0.4666663005023988,-0.47062400000000004"
0.7333333333333333,6,Human,0,0,0,40,-0.7333333333333333,-0.7333333333333333,"-0.7333727152099279,0.0"
0.6833333333333333,7,Human,0,0,0,22,-0.6833333333333333,-0.6833333333333333,"-0.683341691316587,0.0"
0.6666666666666666,8,Human,0,0,0,49,-0.6666666666666666,-0.6666666666666666,"-0.6667132089838692,-0.8300449635583484"
0.6333333333333333,9,Human,0,0,0,18,-0.6333333333333333,-0.6333333333333333,"-0.6333374423116956,-0.7215269973333334"
0.5666666666666667,10,Human,0,0,0,10,-0.5666666666666667,-0.5666666666666667,"-0.5666725635001804,0.0"
0.6833333333333333,11,Human,0,0,0,50,-0.6833333333333333,-0.6833333333333333,"-0.6833689696646138,-0.8302947144237058"
0.6333333333333333,12,Human,0,0,0,15,-0.6333333333333333,-0.6333333333333333,"-0.6333322719676693,-0.6539714133333334"
0.65,13,Human,0,0,0,20,-0.65,-0.65,"-0.6500114318207856,-0.7977657815040001"
0.65,14,Human,0,0,0,25,-0.65,-0.65,"-0.6500173714259109,0.0"
0.65,15,Human,0,0,0,30,-0.65,-0.65,"-0.6500137987703233,0.0"
0.5,16,Human,0,0,0,5,-0.5,-0.5,"-0.5000004523900258,0.0"
0.65,17,Human,0,0,0,32,-0.65,-0.65,"-0.6500452324807782,-0.7928864617512962"
0.55,18,Human,0,0,0,8,-0.55,-0.55,"-0.550000515176303,0.0"
0.6833333333333333,19,Human,0,0,0,38,-0.6833333333333333,-0.6833333333333333,"-0.6833843229696898,0.0"
