{"train/episode_reward": -1.8666666746139526, "trainer/step": 2, "_timestamp": 1721384926.5359132, "_runtime": 49.155808210372925, "_step": 0}