travel_time,id,kind,action,origin,destination,start_time,reward,reward_right,cost_table
0.65,0,Human,0,0,0,12,-0.65,-0.65,"-0.5136851200000001,-0.5552"
0.65,1,Human,0,0,0,35,-0.65,-0.65,"-0.6989353147733335,0.0"
0.55,2,Human,0,0,0,7,-0.55,-0.55,"-0.4793007052800001,0.0"
0.6833333333333333,3,Human,0,0,0,44,-0.6833333333333333,-0.6833333333333333,"-0.7126456541866668,0.0"
0.6333333333333333,4,Human,0,0,0,28,-0.6333333333333333,-0.6333333333333333,"-0.6674073292800001,0.0"
0.4666666666666667,5,Human,0,0,0,3,-0.4666666666666667,-0.4666666666666667,"-0.36879957333333335,-0.4310666666666667"
0.7166666666666667,6,Human,0,0,0,40,-0.7166666666666667,-0.7166666666666667,"-0.6018088533333333,-0.5741333333333334"
0.6833333333333333,7,Human,0,0,0,22,-0.6833333333333333,-0.6833333333333333,"-0.5499906133333334,-0.5502666666666667"
0.65,8,Human,0,0,0,49,-0.65,-0.65,"-0.5280245333333334,-0.5334666666666668"
0.6333333333333333,9,Human,0,0,0,18,-0.6333333333333333,-0.6333333333333333,"-0.6078233975466668,0.0"
0.5666666666666667,10,Human,0,0,0,10,-0.5666666666666667,-0.5666666666666667,"-0.4478280533333334,-0.47173333333333345"
0.65,11,Human,0,0,0,50,-0.65,-0.65,"-0.5485292800000001,-0.5261333333333335"
0.6333333333333333,12,Human,0,0,0,15,-0.6333333333333333,-0.6333333333333333,"-0.6053754914133335,0.0"
0.65,13,Human,0,0,0,20,-0.65,-0.65,"-0.6116162406400001,0.0"
0.65,14,Human,0,0,0,25,-0.65,-0.65,"-0.6783118523733335,0.0"
0.65,15,Human,0,0,0,30,-0.65,-0.65,"-0.6801790481066669,0.0"
0.5,16,Human,0,0,0,5,-0.5,-0.5,"-0.4463129088000001,0.0"
0.65,17,Human,0,0,0,32,-0.65,-0.65,"-0.7002357947733335,0.0"
0.55,18,Human,0,0,0,8,-0.55,-0.55,"-0.49094419968000014,0.0"
1.1,19,Human,1,0,0,38,-1.1,-1.1,"-0.5465749333333335,-0.6538133333333335"
