travel_time,id,kind,action,origin,destination,start_time,reward,reward_right,cost_table
0.65,0,Human,0,0,0,12,-0.65,-0.65,"-0.5409480960000002,-0.5552"
0.65,1,Human,0,0,0,35,-0.65,-0.65,"-0.6891482518186668,0.0"
0.55,2,Human,0,0,0,7,-0.55,-0.55,"-0.4934405642240002,0.0"
0.7,3,Human,0,0,0,44,-0.7,-0.7,"-0.7101165233493335,0.0"
0.6333333333333333,4,Human,0,0,0,28,-0.6333333333333333,-0.6333333333333333,"-0.6605925300906669,0.0"
0.4666666666666667,5,Human,0,0,0,3,-0.4666666666666667,-0.4666666666666667,"-0.38837299200000003,-0.4310666666666667"
1.1833333333333333,6,Human,1,0,0,40,-1.1833333333333333,-1.1833333333333333,"-0.6018088533333333,-0.6959733333333334"
0.6833333333333333,7,Human,0,0,0,22,-0.6833333333333333,-0.6833333333333333,"-0.5766591573333335,-0.5502666666666667"
0.6666666666666666,8,Human,0,0,0,49,-0.6666666666666666,-0.6666666666666666,"-0.5557529600000001,-0.5334666666666668"
0.6333333333333333,9,Human,0,0,0,18,-0.6333333333333333,-0.6333333333333333,"-0.6129253847040002,0.0"
0.5666666666666667,10,Human,0,0,0,10,-0.5666666666666667,-0.5666666666666667,"-0.4715957760000001,-0.47173333333333345"
1.0333333333333334,11,Human,1,0,0,50,-1.0333333333333334,-1.0333333333333334,"-0.5485292800000001,-0.6275733333333334"
0.6333333333333333,12,Human,0,0,0,15,-0.6333333333333333,-0.6333333333333333,"-0.6109670597973335,0.0"
0.65,13,Human,0,0,0,20,-0.65,-0.65,"-0.6192929925120001,0.0"
0.65,14,Human,0,0,0,25,-0.65,-0.65,"-0.6726494818986668,0.0"
0.65,15,Human,0,0,0,30,-0.65,-0.65,"-0.6741432384853335,0.0"
0.5,16,Human,0,0,0,5,-0.5,-0.5,"-0.45705032704000004,0.0"
0.65,17,Human,0,0,0,32,-0.65,-0.65,"-0.6901886358186669,0.0"
0.55,18,Human,0,0,0,8,-0.55,-0.55,"-0.5027553597440001,0.0"
0.6833333333333333,19,Human,0,0,0,38,-0.6833333333333333,-0.6833333333333333,"-0.5739266133333335,-0.6538133333333335"
