travel_time,id,kind,action,origin,destination,start_time,reward,reward_right,cost_table
1.1333333333333333,0,Human,1,0,0,12,-1.1333333333333333,-1.1333333333333333,"-0.5627584768000001,-0.6708266666666667"
0.9166666666666666,1,Human,0,0,0,35,-0.9166666666666666,-0.9166666666666666,"-0.7337215478306135,0.0"
0.5333333333333333,2,Human,0,0,0,7,-0.5333333333333333,-0.5333333333333333,"-0.5104686277700269,0.0"
0.9166666666666666,3,Human,0,0,0,44,-0.9166666666666666,-0.9166666666666666,"-0.7658079082769068,0.0"
0.9333333333333333,4,Human,0,0,0,28,-0.9333333333333333,-0.9333333333333333,"-0.7161125525913601,0.0"
0.4666666666666667,5,Human,0,0,0,3,-0.4666666666666667,-0.4666666666666667,"-0.41655871488000007,-0.4310666666666667"
0.95,6,Human,0,0,0,40,-0.95,-0.95,"-0.6898243328,-0.6959733333333334"
0.6666666666666666,7,Human,0,0,0,22,-0.6666666666666666,-0.6666666666666666,"-0.5946606592000001,-0.6635466666666667"
0.8666666666666667,8,Human,0,0,0,49,-0.8666666666666667,-0.8666666666666667,"-0.6179357013333334,-0.6401066666666668"
0.65,9,Human,0,0,0,18,-0.65,-0.65,"-0.6236055795438935,0.0"
0.9666666666666667,10,Human,1,0,0,10,-0.9666666666666667,-0.9666666666666667,"-0.4906099541333334,-0.5707200000000001"
0.8833333333333333,11,Human,0,0,0,50,-0.8833333333333333,-0.8833333333333333,"-0.6423920725333335,-0.6275733333333334"
0.6333333333333333,12,Human,0,0,0,15,-0.6333333333333333,-0.6333333333333333,"-0.6190189182702935,0.0"
0.65,13,Human,0,0,0,20,-0.65,-0.65,"-0.6303475152076801,0.0"
0.95,14,Human,0,0,0,25,-0.95,-0.95,"-0.7244956684151469,0.0"
0.9166666666666666,15,Human,0,0,0,30,-0.9166666666666666,-0.9166666666666666,"-0.7187850059639468,0.0"
0.5,16,Human,0,0,0,5,-0.5,-0.5,"-0.4725122093056,0.0"
0.9333333333333333,17,Human,0,0,0,32,-0.9333333333333333,-0.9333333333333333,"-0.7350540602572802,0.0"
0.55,18,Human,0,0,0,8,-0.55,-0.55,"-0.5197634302361601,0.0"
0.9333333333333333,19,Human,0,0,0,38,-0.9333333333333333,-0.9333333333333333,"-0.6633130325333335,-0.6538133333333335"
