travel_time,id,kind,action,origin,destination,start_time,reward,reward_right,cost_table
1.1333333333333333,0,Human,1,0,0,12,-1.1333333333333333,-1.1333333333333333,"-0.234,-0.4106666666666667"
1.45,1,Human,0,0,0,35,-1.45,-1.45,"-0.6504266666666667,0.0"
0.5333333333333333,2,Human,0,0,0,7,-0.5333333333333333,-0.5333333333333333,"-0.31712,0.0"
1.35,3,Human,0,0,0,44,-1.35,-1.35,"-0.6307466666666667,0.0"
1.1333333333333333,4,Human,0,0,0,28,-1.1333333333333333,-1.1333333333333333,"-0.5464533333333335,0.0"
0.4666666666666667,5,Human,0,0,0,3,-0.4666666666666667,-0.4666666666666667,"-0.22773333333333334,-0.17666666666666667"
1.1833333333333333,6,Human,1,0,0,40,-1.1833333333333333,-1.1833333333333333,"-0.264,-0.42600000000000005"
1.15,7,Human,1,0,0,22,-1.15,-1.15,"-0.24600000000000005,-0.4086666666666667"
1.1,8,Human,1,0,0,49,-1.1,-1.1,"-0.24,-0.3960000000000001"
0.65,9,Human,0,0,0,18,-0.65,-0.65,"-0.45618666666666674,0.0"
0.9666666666666667,10,Human,1,0,0,10,-0.9666666666666667,-0.9666666666666667,"-0.20400000000000001,-0.3480000000000001"
1.1166666666666667,11,Human,1,0,0,50,-1.1166666666666667,-1.1166666666666667,"-0.24600000000000005,-0.39933333333333343"
0.6333333333333333,12,Human,0,0,0,15,-0.6333333333333333,-0.6333333333333333,"-0.45498666666666665,0.0"
0.65,13,Human,0,0,0,20,-0.65,-0.65,"-0.46056,0.0"
1.15,14,Human,0,0,0,25,-1.15,-1.15,"-0.55416,0.0"
1.1166666666666667,15,Human,0,0,0,30,-1.1166666666666667,-1.1166666666666667,"-0.5837600000000001,0.0"
0.5,16,Human,0,0,0,5,-0.5,-0.5,"-0.2952,0.0"
1.4666666666666666,17,Human,0,0,0,32,-1.4666666666666666,-1.4666666666666666,"-0.6537600000000001,0.0"
0.55,18,Human,0,0,0,8,-0.55,-0.55,"-0.3247200000000001,0.0"
1.1,19,Human,1,0,0,38,-1.1,-1.1,"-0.24600000000000005,-0.3986666666666667"
