travel_time,id,kind,action,origin,destination,start_time,reward,reward_right,cost_table
0.65,0,Human,0,0,0,12,-0.65,-0.65,"-0.6499969600765945,-0.6708266666666667"
0.65,1,Human,0,0,0,35,-0.65,-0.65,"-0.6500044786699846,0.0"
0.55,2,Human,0,0,0,7,-0.55,-0.55,"-0.5499981688228972,0.0"
0.7,3,Human,0,0,0,44,-0.7,-0.7,"-0.7000054709537753,0.0"
0.6333333333333333,4,Human,0,0,0,28,-0.6333333333333333,-0.6333333333333333,"-0.6333382328777821,0.0"
0.4666666666666667,5,Human,0,0,0,3,-0.4666666666666667,-0.4666666666666667,"-0.466664484157555,-0.5215200000000001"
0.7333333333333333,6,Human,0,0,0,40,-0.7333333333333333,-0.7333333333333333,"-0.7333307029201586,-0.7867786666666667"
0.6833333333333333,7,Human,0,0,0,22,-0.6833333333333333,-0.6833333333333333,"-0.6833303217995793,-0.7541706666666668"
0.6666666666666666,8,Human,0,0,0,49,-0.6666666666666666,-0.6666666666666666,"-0.6666671318748358,-0.7254186666666669"
0.6333333333333333,9,Human,0,0,0,18,-0.6333333333333333,-0.6333333333333333,"-0.6333341286451422,0.0"
0.5666666666666667,10,Human,0,0,0,10,-0.5666666666666667,-0.5666666666666667,"-0.5666640164770311,-0.5707200000000001"
0.6833333333333333,11,Human,0,0,0,50,-0.6833333333333333,-0.6833333333333333,"-0.6833327020875214,-0.6987253333333334"
0.6333333333333333,12,Human,0,0,0,15,-0.6333333333333333,-0.6333333333333333,"-0.6333339688233229,0.0"
0.65,13,Human,0,0,0,20,-0.65,-0.65,"-0.6499999957755842,0.0"
0.65,14,Human,0,0,0,25,-0.65,-0.65,"-0.6500035032148324,0.0"
0.65,15,Human,0,0,0,30,-0.65,-0.65,"-0.650003077372377,0.0"
0.5,16,Human,0,0,0,5,-0.5,-0.5,"-0.499999042190287,0.0"
0.65,17,Human,0,0,0,32,-0.65,-0.65,"-0.6500041981111789,0.0"
0.55,18,Human,0,0,0,8,-0.55,-0.55,"-0.5499989464093158,0.0"
0.6833333333333333,19,Human,0,0,0,38,-0.6833333333333333,-0.6833333333333333,"-0.6833326881811611,-0.7430506666666667"
