{"train/episode_reward_2": -3.2266666889190674, "trainer/step": 800, "_timestamp": 1721644197.5345626, "_runtime": 1113.9298646450043, "_step": 21599, "train/episode_reward_6": -2.3033335208892822, "train/episode_reward_4": -4.099999904632568, "train/episode_reward_5": -1.7366666793823242, "train/q_values_2": -227.434033203125, "train/q_loss_2": 1.7765982151031494, "train/epsilon_2": 0.2800162732601166, "train/sampling_time": 7.725125551223755, "train/training_time": 6.139277219772339, "train/q_values_6": 0.0, "train/q_loss_6": 0.6446644067764282, "train/epsilon_6": 0.2800162732601166, "train/q_values_4": -311.1558349609375, "train/q_loss_4": 0.9120580554008484, "train/epsilon_4": 0.2800162732601166, "train/q_values_5": -304.86162109375, "train/q_loss_5": 3.0180509090423584, "train/epsilon_5": 0.2800162732601166}