travel_time,id,kind,action,origin,destination,start_time,reward,reward_right,cost_table
0.8833333333333333,0,Human,1,0,0,12,-0.8833333333333333,-0.8833333333333333,"-0.8126826666666669,-0.5938826666666668"
0.8833333333333333,1,Human,1,0,0,35,-0.8833333333333333,-0.8833333333333333,"-0.6272,-0.7077326933333334"
0.5333333333333333,2,Human,0,0,0,7,-0.5333333333333333,-0.5333333333333333,"-0.3595306666666667,-0.48584000000000005"
0.9666666666666667,3,Human,1,0,0,44,-0.9666666666666667,-0.9666666666666667,"-0.7060266666666667,-0.6888213333333335"
0.8833333333333333,4,Human,1,0,0,28,-0.8833333333333333,-0.8833333333333333,"-0.8032000000000001,-0.6340618666666668"
0.4666666666666667,5,Human,0,0,0,3,-0.4666666666666667,-0.4666666666666667,"-0.34433280000000005,-0.41328"
1.0,6,Human,1,0,0,40,-1.0,-1.0,"-0.7315466666666668,-0.7104725333333335"
0.9,7,Human,1,0,0,22,-0.9,-0.9,"-0.7678666666666667,-0.6742762666666668"
1.05,8,Human,0,0,0,49,-1.05,-1.05,"-0.6266400000000001,-0.6506112000000002"
0.8833333333333333,9,Human,1,0,0,18,-0.8833333333333333,-0.8833333333333333,"-0.6647733333333334,-0.654896"
0.7833333333333333,10,Human,1,0,0,10,-0.7833333333333333,-0.7833333333333333,"-0.7290880000000001,-0.5270133333333334"
0.9,11,Human,1,0,0,50,-0.9,-0.9,"-0.6406666666666667,-0.6452586666666668"
0.8666666666666667,12,Human,1,0,0,15,-0.8666666666666667,-0.8666666666666667,"-0.8033066666666667,-0.6176085333333334"
1.4666666666666666,13,Human,0,0,0,20,-1.4666666666666666,-1.4666666666666666,"-0.8990933333333334,-0.5799733333333335"
0.8833333333333333,14,Human,1,0,0,25,-0.8833333333333333,-0.8833333333333333,"-0.8131733333333335,-0.6428128000000001"
1.3333333333333333,15,Human,0,0,0,30,-1.3333333333333333,-1.3333333333333333,"-0.656,-0.6857898666666669"
0.7333333333333333,16,Human,1,0,0,5,-0.7333333333333333,-0.7333333333333333,"-0.38519466666666674,-0.4368"
0.8666666666666667,17,Human,1,0,0,32,-0.8666666666666667,-0.8666666666666667,"-0.6260000000000001,-0.6851601066666667"
1.45,18,Human,0,0,0,8,-1.45,-1.45,"-0.7397066666666667,-0.5502688000000001"
0.9333333333333333,19,Human,1,0,0,38,-0.9333333333333333,-0.9333333333333333,"-0.7317333333333335,-0.6702677333333334"
