travel_time,id,kind,action,origin,destination,start_time,reward,reward_right,cost_table
0.8833333333333333,0,Human,1,0,0,12,-0.8833333333333333,-0.8833333333333333,"-0.9146404383812269,-0.8903368390232711"
0.9666666666666667,1,Human,1,0,0,35,-0.9666666666666667,-0.9666666666666667,"-1.233415117258482,-0.9673470904897983"
0.5166666666666667,2,Human,0,0,0,7,-0.5166666666666667,-0.5166666666666667,"-0.530505745242094,-0.7317061569584222"
0.9,3,Human,1,0,0,44,-0.9,-0.9,"-1.098913202085227,-0.9846382655826776"
0.9166666666666666,4,Human,1,0,0,28,-0.9166666666666666,-0.9166666666666666,"-1.2414322619733336,-0.9267350024913734"
0.4666666666666667,5,Human,0,0,0,3,-0.4666666666666667,-0.4666666666666667,"-0.4666666662133773,-0.6948349116593615"
1.15,6,Human,0,0,0,40,-1.15,-1.15,"-1.1418162150795241,-1.0282938777155304"
0.9333333333333333,7,Human,1,0,0,22,-0.9333333333333333,-0.9333333333333333,"-1.2800479061333336,-0.9419661320520278"
0.8833333333333333,8,Human,1,0,0,49,-0.8833333333333333,-0.8833333333333333,"-1.0180009801645131,-0.94587812430734"
0.85,9,Human,1,0,0,18,-0.85,-0.85,"-1.2949394073600002,-0.8675798138715743"
0.5666666666666667,10,Human,0,0,0,10,-0.5666666666666667,-0.5666666666666667,"-0.7539729568779034,-0.7829845394111103"
0.9,11,Human,1,0,0,50,-0.9,-0.9,"-1.0262240810032528,-0.9495605332093872"
0.65,12,Human,0,0,0,15,-0.65,-0.65,"-1.1283496007385092,-0.8482711998377608"
0.8833333333333333,13,Human,1,0,0,20,-0.8833333333333333,-0.8833333333333333,"-1.2881029034666671,-0.8975171677971122"
0.9166666666666666,14,Human,1,0,0,25,-0.9166666666666666,-0.9166666666666666,"-1.2956403905877336,-0.9236787310044912"
0.9333333333333333,15,Human,1,0,0,30,-0.9333333333333333,-0.9333333333333333,"-1.28908878738544,-0.9456328540691752"
0.5,16,Human,0,0,0,5,-0.5,-0.5,"-0.5009273813690611,-0.7301048616437025"
0.95,17,Human,1,0,0,32,-0.95,-0.95,"-1.2166211084943364,-0.9466065965202661"
0.7333333333333333,18,Human,1,0,0,8,-0.7333333333333333,-0.7333333333333333,"-0.5691012289454085,-0.7332572240830411"
1.15,19,Human,0,0,0,38,-1.15,-1.15,"-1.1483485709632146,-0.9826715397196394"
