travel_time,id,kind,action,origin,destination,start_time,reward,reward_right,cost_table
0.8833333333333333,0,Human,1,0,0,12,-0.8833333333333333,-0.8833333333333333,"-1.1507032138973188,-0.8920001936622499"
1.0,1,Human,1,0,0,35,-1.0,-1.0,"-1.2267190083787618,-0.9785634356893578"
0.5333333333333333,2,Human,0,0,0,7,-0.5333333333333333,-0.5333333333333333,"-0.531776062771676,-0.7317061569584222"
1.05,3,Human,1,0,0,44,-1.05,-1.05,"-1.098913202085227,-0.9965365846354597"
0.9333333333333333,4,Human,1,0,0,28,-0.9333333333333333,-0.9333333333333333,"-1.2414322619733336,-0.9268562904489166"
0.4666666666666667,5,Human,0,0,0,3,-0.4666666666666667,-0.4666666666666667,"-0.46666666657160505,-0.6958679293274892"
1.0666666666666667,6,Human,1,0,0,40,-1.0666666666666667,-1.0666666666666667,"-1.146095710984229,-1.0254906702798603"
0.95,7,Human,1,0,0,22,-0.95,-0.95,"-1.2800479061333336,-0.9484021139545475"
1.0333333333333334,8,Human,1,0,0,49,-1.0333333333333334,-1.0333333333333334,"-1.0263065348087181,-0.9658316797162866"
0.8833333333333333,9,Human,1,0,0,18,-0.8833333333333333,-0.8833333333333333,"-1.2949394073600002,-0.8751931580122989"
0.7833333333333333,10,Human,1,0,0,10,-0.7833333333333333,-0.7833333333333333,"-0.850053989803856,-0.7805238006761244"
1.0333333333333334,11,Human,1,0,0,50,-1.0333333333333334,-1.0333333333333334,"-1.0309792648026024,-0.9601164771341134"
0.8666666666666667,12,Human,1,0,0,15,-0.8666666666666667,-0.8666666666666667,"-1.1283496007385092,-0.8485013367959062"
0.8833333333333333,13,Human,1,0,0,20,-0.8833333333333333,-0.8833333333333333,"-1.2881029034666671,-0.8960429272117375"
0.9333333333333333,14,Human,1,0,0,25,-0.9333333333333333,-0.9333333333333333,"-1.3131789791368536,-0.92952941647502"
0.95,15,Human,1,0,0,30,-0.95,-0.95,"-1.28908878738544,-0.9470539384941505"
0.7333333333333333,16,Human,1,0,0,5,-0.7333333333333333,-0.7333333333333333,"-0.5001944859692891,-0.7307505559816287"
0.9666666666666667,17,Human,1,0,0,32,-0.9666666666666667,-0.9666666666666667,"-1.2166211084943364,-0.953008238701787"
1.4833333333333334,18,Human,0,0,0,8,-1.4833333333333334,-1.4833333333333334,"-0.7429257573674982,-0.7306276987305171"
1.0333333333333334,19,Human,1,0,0,38,-1.0333333333333334,-1.0333333333333334,"-1.1553455234372385,-0.9920647318199457"
