travel_time,id,kind,action,origin,destination,start_time,reward,reward_right,cost_table
0.8833333333333333,0,Human,1,0,0,12,-0.8833333333333333,-0.8833333333333333,"-1.0383790173716483,-0.8927086359305987"
1.2666666666666666,1,Human,0,0,0,35,-1.2666666666666666,-1.2666666666666666,"-1.2267190083787618,-0.9768817103307768"
0.5333333333333333,2,Human,0,0,0,7,-0.5333333333333333,-0.5333333333333333,"-0.5355001226009294,-0.7317061569584222"
0.95,3,Human,1,0,0,44,-0.95,-0.95,"-1.098913202085227,-0.9924542668661318"
0.9,4,Human,1,0,0,28,-0.9,-0.9,"-1.2414322619733336,-0.9258911922830401"
0.7,5,Human,1,0,0,3,-0.7,-0.7,"-0.46666666648099936,-0.6958679293274892"
0.9666666666666667,6,Human,1,0,0,40,-0.9666666666666667,-0.9666666666666667,"-1.1367863053969527,-1.0231625056456148"
0.9666666666666667,7,Human,1,0,0,22,-0.9666666666666667,-0.9666666666666667,"-1.2800479061333336,-0.9520874621508086"
0.9166666666666666,8,Human,1,0,0,49,-0.9166666666666666,-0.9166666666666666,"-1.0245498351775641,-0.9486953328900309"
0.8833333333333333,9,Human,1,0,0,18,-0.8833333333333333,-0.8833333333333333,"-1.2949394073600002,-0.8778512200761044"
1.6,10,Human,0,0,0,10,-1.6,-1.6,"-0.850053989803856,-0.783054298195555"
1.05,11,Human,0,0,0,50,-1.05,-1.05,"-1.0309792648026024,-0.9538733277358985"
0.8666666666666667,12,Human,1,0,0,15,-0.8666666666666667,-0.8666666666666667,"-1.1283496007385092,-0.8582708400961709"
0.9,13,Human,1,0,0,20,-0.9,-0.9,"-1.2881029034666671,-0.9050317588770913"
1.3833333333333333,14,Human,0,0,0,25,-1.3833333333333333,-1.3833333333333333,"-1.3131789791368536,-0.9311121415527732"
0.9166666666666666,15,Human,1,0,0,30,-0.9166666666666666,-0.9166666666666666,"-1.28908878738544,-0.9494543069547208"
0.5,16,Human,0,0,0,5,-0.5,-0.5,"-0.500303884327014,-0.7301048616437025"
0.9166666666666666,17,Human,1,0,0,32,-0.9166666666666666,-0.9166666666666666,"-1.2166211084943364,-0.9545733828810942"
0.7166666666666667,18,Human,1,0,0,8,-0.7166666666666667,-0.7166666666666667,"-0.5597798292200492,-0.729951290079813"
0.9333333333333333,19,Human,1,0,0,38,-0.9333333333333333,-0.9333333333333333,"-1.1483485709632146,-0.981351143468665"
