travel_time,id,kind,action,origin,destination,start_time,reward,reward_right,cost_table
0.6333333333333333,0,Human,0,0,0,12,-0.6333333333333333,-0.6333333333333333,"-0.6036210080972801,0.0"
0.8666666666666667,1,Human,1,0,0,35,-0.8666666666666667,-0.8666666666666667,"-0.6527784533333334,-0.6526037333333334"
0.5333333333333333,2,Human,0,0,0,7,-0.5333333333333333,-0.5333333333333333,"-0.5131158933230935,0.0"
0.9,3,Human,1,0,0,44,-0.9,-0.9,"-0.6626126933333335,-0.6592704000000001"
1.1833333333333333,4,Human,0,0,0,28,-1.1833333333333333,-1.1833333333333333,"-0.6545709653333335,-0.5744053333333334"
0.4666666666666667,5,Human,0,0,0,3,-0.4666666666666667,-0.4666666666666667,"-0.44101139535189343,0.0"
1.0333333333333334,6,Human,0,0,0,40,-1.0333333333333334,-1.0333333333333334,"-0.9178475822284802,0.0"
0.9,7,Human,1,0,0,22,-0.9,-0.9,"-0.6358516906666668,-0.6225600000000001"
0.9166666666666666,8,Human,0,0,0,49,-0.9166666666666666,-0.9166666666666666,"-0.8278766280021335,0.0"
0.7333333333333333,9,Human,0,0,0,18,-0.7333333333333333,-0.7333333333333333,"-0.568069632,-0.5829386666666667"
0.7833333333333333,10,Human,1,0,0,10,-0.7833333333333333,-0.7833333333333333,"-0.4715957760000001,-0.5266506666666668"
0.9333333333333333,11,Human,0,0,0,50,-0.9333333333333333,-0.9333333333333333,"-0.6305612800000001,-0.6067466666666668"
0.7333333333333333,12,Human,0,0,0,15,-0.7333333333333333,-0.7333333333333333,"-0.6652197498606935,0.0"
0.7333333333333333,13,Human,0,0,0,20,-0.7333333333333333,-0.7333333333333333,"-0.5751080960000001,-0.5989440000000001"
0.6833333333333333,14,Human,0,0,0,25,-0.6833333333333333,-0.6833333333333333,"-0.7503170659532801,0.0"
0.8166666666666667,15,Human,1,0,0,30,-0.8166666666666667,-0.8166666666666667,"-0.6268317866666667,-0.6210528000000001"
0.5,16,Human,0,0,0,5,-0.5,-0.5,"-0.4725122093056,0.0"
0.8166666666666667,17,Human,1,0,0,32,-0.8166666666666667,-0.8166666666666667,"-0.63016512,-0.6231861333333335"
0.55,18,Human,0,0,0,8,-0.55,-0.55,"-0.5197634302361601,0.0"
0.9166666666666666,19,Human,1,0,0,38,-0.9166666666666666,-0.9166666666666666,"-0.6576012800000002,-0.6783989333333333"
