travel_time,id,kind,action,origin,destination,start_time,reward,reward_right,cost_table
0.8833333333333333,0,Human,1,0,0,12,-0.8833333333333333,-0.8833333333333333,"-1.1507032138973188,-0.8858711190139176"
1.0,1,Human,1,0,0,35,-1.0,-1.0,"-1.2280418733696763,-0.9764519999520178"
0.5333333333333333,2,Human,0,0,0,7,-0.5333333333333333,-0.5333333333333333,"-0.5303400833593748,-0.7317061569584222"
1.0,3,Human,1,0,0,44,-1.0,-1.0,"-1.102463895001515,-1.0116659531093448"
0.9333333333333333,4,Human,1,0,0,28,-0.9333333333333333,-0.9333333333333333,"-1.2414322619733336,-0.9293083323227528"
0.4666666666666667,5,Human,0,0,0,3,-0.4666666666666667,-0.4666666666666667,"-0.46666666664673084,-0.6958679293274892"
1.15,6,Human,0,0,0,40,-1.15,-1.15,"-1.1468765687873832,-1.036215026269844"
0.95,7,Human,1,0,0,22,-0.95,-0.95,"-1.2800479061333336,-0.9485726323417345"
1.0333333333333334,8,Human,0,0,0,49,-1.0333333333333334,-1.0333333333333334,"-1.0204284899909846,-0.9826391533480723"
0.8833333333333333,9,Human,1,0,0,18,-0.8833333333333333,-0.8833333333333333,"-1.2949394073600002,-0.8816262148378476"
0.7833333333333333,10,Human,1,0,0,10,-0.7833333333333333,-0.7833333333333333,"-0.9733765251764183,-0.7812314978711088"
0.9166666666666666,11,Human,1,0,0,50,-0.9166666666666666,-0.9166666666666666,"-1.0223947169122658,-0.9537703757007997"
0.8666666666666667,12,Human,1,0,0,15,-0.8666666666666667,-0.8666666666666667,"-1.1283496007385092,-0.8609106675464211"
0.8833333333333333,13,Human,1,0,0,20,-0.8833333333333333,-0.8833333333333333,"-1.2881029034666671,-0.8997826216887952"
0.9333333333333333,14,Human,1,0,0,25,-0.9333333333333333,-0.9333333333333333,"-1.3131789791368536,-0.9314433274819423"
0.95,15,Human,1,0,0,30,-0.95,-0.95,"-1.28908878738544,-0.9493821661220885"
0.7333333333333333,16,Human,1,0,0,5,-0.7333333333333333,-0.7333333333333333,"-0.5000796614530209,-0.7368109513292607"
0.9666666666666667,17,Human,1,0,0,32,-0.9666666666666667,-0.9666666666666667,"-1.2166211084943364,-0.9539642067143266"
1.4833333333333334,18,Human,0,0,0,8,-1.4833333333333334,-1.4833333333333334,"-0.815689056884394,-0.7319480484166916"
1.0333333333333334,19,Human,1,0,0,38,-1.0333333333333334,-1.0333333333333334,"-1.144276418749791,-0.9975208837248746"
