travel_time,id,kind,action,origin,destination,start_time,reward,reward_right,cost_table
0.9,0,Human,1,0,0,12,-0.9,-0.9,"-1.2638959044511884,-0.8937055455648945"
0.9333333333333333,1,Human,1,0,0,35,-0.9333333333333333,-0.9333333333333333,"-1.212433498695741,-0.9609598664603376"
0.5333333333333333,2,Human,0,0,0,7,-0.5333333333333333,-0.5333333333333333,"-0.5293741899830615,-0.7320315922334044"
1.1166666666666667,3,Human,0,0,0,44,-1.1166666666666667,-1.1166666666666667,"-1.1035281809074426,-1.0014013661815369"
1.3,4,Human,0,0,0,28,-1.3,-1.3,"-1.253145809578667,-0.9263588827747328"
0.4666666666666667,5,Human,0,0,0,3,-0.4666666666666667,-0.4666666666666667,"-0.466666666663322,-0.6958679293274892"
0.9333333333333333,6,Human,1,0,0,40,-0.9333333333333333,-0.9333333333333333,"-1.14083458836324,-1.0223464148105192"
0.9666666666666667,7,Human,1,0,0,22,-0.9666666666666667,-0.9666666666666667,"-1.2800479061333336,-0.9522200474448589"
0.8666666666666667,8,Human,1,0,0,49,-0.8666666666666667,-0.8666666666666667,"-1.0130742335942302,-0.9629156248819439"
0.8833333333333333,9,Human,1,0,0,18,-0.8833333333333333,-0.8833333333333333,"-1.2949394073600002,-0.8812992997093032"
0.7833333333333333,10,Human,1,0,0,10,-0.7833333333333333,-0.7833333333333333,"-0.9733765251764183,-0.7829807038578716"
0.8666666666666667,11,Human,1,0,0,50,-0.8666666666666667,-0.8666666666666667,"-1.0223947169122658,-0.9395106867420016"
0.8833333333333333,12,Human,1,0,0,15,-0.8833333333333333,-0.8833333333333333,"-1.1283496007385092,-0.8688890662613051"
0.9166666666666666,13,Human,1,0,0,20,-0.9166666666666666,-0.9166666666666666,"-1.2881029034666671,-0.9080559033045257"
0.95,14,Human,1,0,0,25,-0.95,-0.95,"-1.3131789791368536,-0.935475762969233"
0.9166666666666666,15,Human,1,0,0,30,-0.9166666666666666,-0.9166666666666666,"-1.28908878738544,-0.9440625313424486"
0.5,16,Human,0,0,0,5,-0.5,-0.5,"-0.5017609916407089,-0.7368109513292607"
0.9,17,Human,1,0,0,32,-0.9,-0.9,"-1.2166211084943364,-0.9414979368564825"
0.55,18,Human,0,0,0,8,-0.55,-0.55,"-0.6588262376998477,-0.7370325872981436"
1.1833333333333333,19,Human,0,0,0,38,-1.1833333333333333,-1.1833333333333333,"-1.1476702413331996,-0.989083447876507"
