travel_time,id,kind,action,origin,destination,start_time,reward,reward_right,cost_table
0.9,0,Human,1,0,0,12,-0.9,-0.9,"-0.9601461333333337,-0.7411345920000002"
1.3166666666666667,1,Human,0,0,0,35,-1.3166666666666667,-1.3166666666666667,"-0.9503264000000002,-0.7528528213333334"
0.7166666666666667,2,Human,1,0,0,7,-0.7166666666666667,-0.7166666666666667,"-0.41876629333333343,-0.5742709333333333"
1.2166666666666666,3,Human,0,0,0,44,-1.2166666666666666,-1.2166666666666666,"-0.9258856533333334,-0.7377237333333335"
0.9166666666666666,4,Human,1,0,0,28,-0.9166666666666666,-0.9166666666666666,"-0.8958933333333334,-0.7570396757333335"
0.7,5,Human,1,0,0,3,-0.7,-0.7,"-0.4040317269333334,-0.47062400000000004"
0.9666666666666667,6,Human,1,0,0,40,-0.9666666666666667,-0.9666666666666667,"-0.8285706666666668,-0.8386952704000002"
1.0,7,Human,1,0,0,22,-1.0,-1.0,"-0.90096,-0.8124294485333337"
0.8666666666666667,8,Human,1,0,0,49,-0.8666666666666667,-0.8666666666666667,"-0.7823829333333334,-0.7257245013333334"
0.9,9,Human,1,0,0,18,-0.9,-0.9,"-0.8284853333333335,-0.7670400853333335"
0.8,10,Human,1,0,0,10,-0.8,-0.8,"-0.7290880000000001,-0.6843446613333335"
0.8833333333333333,11,Human,1,0,0,50,-0.8833333333333333,-0.8833333333333333,"-0.6406666666666667,-0.7749379498666669"
0.8833333333333333,12,Human,1,0,0,15,-0.8833333333333333,-0.8833333333333333,"-0.9393120000000001,-0.7270155690666668"
0.9333333333333333,13,Human,1,0,0,20,-0.9333333333333333,-0.9333333333333333,"-0.8990933333333334,-0.7687570773333335"
1.35,14,Human,0,0,0,25,-1.35,-1.35,"-0.9205386666666668,-0.7615201536000001"
1.3166666666666667,15,Human,0,0,0,30,-1.3166666666666667,-1.3166666666666667,"-0.8938400000000002,-0.7562388480000002"
0.5333333333333333,16,Human,0,0,0,5,-0.5333333333333333,-0.5333333333333333,"-0.43319125333333347,-0.5462186666666667"
1.3166666666666667,17,Human,0,0,0,32,-1.3166666666666667,-1.3166666666666667,"-0.8746400000000003,-0.7585024682666667"
0.75,18,Human,1,0,0,8,-0.75,-0.75,"-0.7397066666666667,-0.6687234338133334"
0.8833333333333333,19,Human,1,0,0,38,-0.8833333333333333,-0.8833333333333333,"-0.7317333333333335,-0.8072616635733335"
