travel_time,id,kind,action,origin,destination,start_time,reward,reward_right,cost_table
0.8833333333333333,0,Human,1,0,0,12,-0.8833333333333333,-0.8833333333333333,"-0.9601461333333337,-0.7695743402666668"
1.0,1,Human,1,0,0,35,-1.0,-1.0,"-0.9503264000000002,-0.8022822570666668"
0.5166666666666667,2,Human,0,0,0,7,-0.5166666666666667,-0.5166666666666667,"-0.4383463680000001,-0.5742709333333333"
0.9833333333333333,3,Human,1,0,0,44,-0.9833333333333333,-0.9833333333333333,"-0.9258856533333334,-0.7868456533333335"
0.95,4,Human,1,0,0,28,-0.95,-0.95,"-0.8958933333333334,-0.7956317405866669"
0.4666666666666667,5,Human,0,0,0,3,-0.4666666666666667,-0.4666666666666667,"-0.41655871488000007,-0.47062400000000004"
1.0,6,Human,1,0,0,40,-1.0,-1.0,"-0.8285706666666668,-0.8709562163200002"
0.9666666666666667,7,Human,1,0,0,22,-0.9666666666666667,-0.9666666666666667,"-0.90096,-0.8432768921600003"
0.9666666666666667,8,Human,1,0,0,49,-0.9666666666666667,-0.9666666666666667,"-0.7823829333333334,-0.7739129344000001"
0.9,9,Human,1,0,0,18,-0.9,-0.9,"-0.8284853333333335,-0.7936320682666669"
0.5666666666666667,10,Human,0,0,0,10,-0.5666666666666667,-0.5666666666666667,"-0.6966037333333335,-0.6843446613333335"
1.0166666666666666,11,Human,0,0,0,50,-1.0166666666666666,-1.0166666666666666,"-0.7158666666666668,-0.7749379498666669"
0.8666666666666667,12,Human,1,0,0,15,-0.8666666666666667,-0.8666666666666667,"-0.9393120000000001,-0.7549457885866667"
0.9333333333333333,13,Human,1,0,0,20,-0.9333333333333333,-0.9333333333333333,"-0.8990933333333334,-0.8016723285333335"
0.95,14,Human,1,0,0,25,-0.95,-0.95,"-0.9205386666666668,-0.7992161228800001"
0.95,15,Human,1,0,0,30,-0.95,-0.95,"-0.8938400000000002,-0.7949910784000003"
0.5,16,Human,0,0,0,5,-0.5,-0.5,"-0.44655300266666675,-0.5462186666666667"
0.9833333333333333,17,Human,1,0,0,32,-0.9833333333333333,-0.9833333333333333,"-0.8746400000000003,-0.8034686412800001"
0.7333333333333333,18,Human,1,0,0,8,-0.7333333333333333,-0.7333333333333333,"-0.7397066666666667,-0.6816454137173333"
1.1833333333333333,19,Human,0,0,0,38,-1.1833333333333333,-1.1833333333333333,"-0.8220533333333335,-0.8072616635733335"
