travel_time,id,kind,action,origin,destination,start_time,reward,reward_right,cost_table
0.6333333333333333,0,Human,0,0,0,12,-0.6333333333333333,-0.6333333333333333,"-0.6293358652666502,0.0"
0.85,1,Human,1,0,0,35,-0.85,-0.85,"-0.7537782101333335,-0.7553331114666668"
0.5333333333333333,2,Human,0,0,0,7,-0.5333333333333333,-0.5333333333333333,"-0.5345804825907781,0.0"
0.9,3,Human,1,0,0,44,-0.9,-0.9,"-0.7660721237333337,-0.7772797781333336"
0.8333333333333334,4,Human,1,0,0,28,-0.8333333333333334,-0.8333333333333334,"-0.7803234389333336,-0.7306897578666667"
0.4666666666666667,5,Human,0,0,0,3,-0.4666666666666667,-0.4666666666666667,"-0.4582599473622418,0.0"
1.0666666666666667,6,Human,0,0,0,40,-1.0666666666666667,-1.0666666666666667,"-0.9911922957446286,0.0"
0.75,7,Human,0,0,0,22,-0.75,-0.75,"-0.6728448524970668,-0.6847146666666668"
0.9333333333333333,8,Human,0,0,0,49,-0.9333333333333333,-0.9333333333333333,"-0.9155666134637392,0.0"
0.7333333333333333,9,Human,0,0,0,18,-0.7333333333333333,-0.7333333333333333,"-0.6266013212672001,-0.6430176000000001"
0.7833333333333333,10,Human,1,0,0,10,-0.7833333333333333,-0.7833333333333333,"-0.5277256298496001,-0.5779872000000001"
0.95,11,Human,0,0,0,50,-0.95,-0.95,"-0.7428925525333334,-0.7106542933333336"
0.7333333333333333,12,Human,0,0,0,15,-0.7333333333333333,-0.7333333333333333,"-0.6616485409676856,0.0"
0.7333333333333333,13,Human,0,0,0,20,-0.7333333333333333,-0.7333333333333333,"-0.6359909427882668,-0.6591552000000002"
0.7333333333333333,14,Human,0,0,0,25,-0.7333333333333333,-0.7333333333333333,"-0.7827385628382377,0.0"
0.8333333333333334,15,Human,1,0,0,30,-0.8333333333333334,-0.8333333333333334,"-0.7625056768000001,-0.7342457002666669"
0.5,16,Human,0,0,0,5,-0.5,-0.5,"-0.4909928007452591,0.0"
1.1333333333333333,17,Human,0,0,0,32,-1.1333333333333333,-1.1333333333333333,"-0.7926390101333335,-0.7340046336000001"
0.55,18,Human,0,0,0,8,-0.55,-0.55,"-0.540092080819785,0.0"
0.9,19,Human,1,0,0,38,-0.9,-0.9,"-0.7675314858666668,-0.7838735872000001"
