travel_time,id,kind,action,origin,destination,start_time,reward,reward_right,cost_table
1.5166666666666666,0,Human,0,0,0,12,-1.5166666666666666,-1.5166666666666666,"-1.1711601920000003,-0.8707079878043891"
0.9166666666666666,1,Human,1,0,0,35,-0.9166666666666666,-0.9166666666666666,"-1.0797671168000003,-0.9111741136198935"
0.5166666666666667,2,Human,0,0,0,7,-0.5166666666666667,-0.5166666666666667,"-0.5141604895920097,-0.6566933845333334"
1.1333333333333333,3,Human,0,0,0,44,-1.1333333333333333,-1.1333333333333333,"-1.044834210884267,-0.9211297708463447"
0.9166666666666666,4,Human,1,0,0,28,-0.9166666666666666,-0.9166666666666666,"-1.1069640533333336,-0.8923828085436492"
0.4666666666666667,5,Human,0,0,0,3,-0.4666666666666667,-0.4666666666666667,"-0.45994129122312677,-0.6060475904"
1.1666666666666667,6,Human,0,0,0,40,-1.1666666666666667,-1.1666666666666667,"-1.0582260360533335,-0.9638513150107673"
0.95,7,Human,1,0,0,22,-0.95,-0.95,"-1.1604915200000003,-0.9250531116858265"
1.0833333333333333,8,Human,0,0,0,49,-1.0833333333333333,-1.0833333333333333,"-0.9538272395946668,-0.8962450553228933"
0.8333333333333334,9,Human,1,0,0,18,-0.8333333333333334,-0.8333333333333334,"-1.1660511573333334,-0.8642289977632214"
0.7666666666666667,10,Human,1,0,0,10,-0.7666666666666667,-0.7666666666666667,"-0.8385955557376004,-0.7547819041871191"
0.8166666666666667,11,Human,1,0,0,50,-0.8166666666666667,-0.8166666666666667,"-0.9429785514666669,-0.8548454404772117"
1.5,12,Human,0,0,0,15,-1.5,-1.5,"-1.1078610773333335,-0.8438106950191502"
0.8666666666666667,13,Human,1,0,0,20,-0.8666666666666667,-0.8666666666666667,"-1.0827530666666667,-0.8769457586365104"
0.9166666666666666,14,Human,1,0,0,25,-0.9166666666666666,-0.9166666666666666,"-1.0804780800000002,-0.9002833817134439"
0.9333333333333333,15,Human,1,0,0,30,-0.9333333333333333,-0.9333333333333333,"-0.9684053333333336,-0.9088066354123701"
0.5,16,Human,0,0,0,5,-0.5,-0.5,"-0.49959450569293185,-0.6408639573333335"
1.25,17,Human,0,0,0,32,-1.25,-1.25,"-1.0759858773333337,-0.8888727979518489"
0.7333333333333333,18,Human,1,0,0,8,-0.7333333333333333,-0.7333333333333333,"-0.9361304644266668,-0.7301718842668132"
0.9666666666666667,19,Human,1,0,0,38,-0.9666666666666667,-0.9666666666666667,"-1.0047579733333336,-0.9299936432957175"
