travel_time,id,kind,action,origin,destination,start_time,reward,reward_right,cost_table
0.65,0,Human,0,0,0,12,-0.65,-0.65,"-1.0669281536000002,-0.8816015934437424"
1.2833333333333334,1,Human,0,0,0,35,-1.2833333333333334,-1.2833333333333334,"-1.1423842880853337,-0.9334302502720417"
0.5333333333333333,2,Human,0,0,0,7,-0.5333333333333333,-0.5333333333333333,"-0.5279894425628431,-0.6720213742933334"
0.95,3,Human,1,0,0,44,-0.95,-0.95,"-1.0458673687074136,-0.940262469977597"
0.8833333333333333,4,Human,1,0,0,28,-0.8833333333333333,-0.8833333333333333,"-1.1069640533333336,-0.9103626656295332"
0.4666666666666667,5,Human,0,0,0,3,-0.4666666666666667,-0.4666666666666667,"-0.4649036498463954,-0.6060475904"
0.9666666666666667,6,Human,1,0,0,40,-0.9666666666666667,-0.9666666666666667,"-1.0832474955093336,-0.9669601322360617"
0.8833333333333333,7,Human,1,0,0,22,-0.8833333333333333,-0.8833333333333333,"-1.1604915200000003,-0.9342912562431027"
0.9166666666666666,8,Human,1,0,0,49,-0.9166666666666666,-0.9166666666666666,"-0.9804494333405867,-0.903928641326924"
1.5333333333333334,9,Human,0,0,0,18,-1.5333333333333334,-1.5333333333333334,"-1.2395075925333334,-0.8849452246537193"
0.7833333333333333,10,Human,1,0,0,10,-0.7833333333333333,-0.7833333333333333,"-0.8680487396301212,-0.7650604186797563"
0.9333333333333333,11,Human,1,0,0,50,-0.9333333333333333,-0.9333333333333333,"-0.9543828411733335,-0.8972890872689062"
0.7833333333333333,12,Human,1,0,0,15,-0.7833333333333333,-0.7833333333333333,"-1.1078610773333335,-0.8437993775017669"
0.85,13,Human,1,0,0,20,-0.85,-0.85,"-1.0827530666666667,-0.8944183356186762"
0.8666666666666667,14,Human,1,0,0,25,-0.8666666666666667,-0.8666666666666667,"-1.1410491306666668,-0.914375525186528"
0.9,15,Human,1,0,0,30,-0.9,-0.9,"-1.0864460800000002,-0.9286738645315736"
0.5,16,Human,0,0,0,5,-0.5,-0.5,"-0.5052004609587932,-0.6626911658666668"
0.9,17,Human,1,0,0,32,-0.9,-0.9,"-1.100788701866667,-0.9095591717661954"
0.55,18,Human,0,0,0,8,-0.55,-0.55,"-0.7476987977864535,-0.7370480047446084"
0.9166666666666666,19,Human,1,0,0,38,-0.9166666666666666,-0.9166666666666666,"-1.066378436266667,-0.9309787296272594"
