travel_time,id,kind,action,origin,destination,start_time,reward,reward_right,cost_table
0.8833333333333333,0,Human,1,0,0,12,-0.8833333333333333,-0.8833333333333333,"-1.1668758562133337,-0.8848325281818757"
1.1833333333333333,1,Human,0,0,0,35,-1.1833333333333333,-1.1833333333333333,"-1.1698340888330243,-0.9609794710003104"
0.5333333333333333,2,Human,0,0,0,7,-0.5333333333333333,-0.5333333333333333,"-0.5217086714822512,-0.6880936795477334"
0.9666666666666667,3,Human,1,0,0,44,-0.9666666666666667,-0.9666666666666667,"-1.061084092778196,-0.9626197129668661"
0.9166666666666666,4,Human,1,0,0,28,-0.9166666666666666,-0.9166666666666666,"-1.1689045760000003,-0.939025503383615"
0.4666666666666667,5,Human,0,0,0,3,-0.4666666666666667,-0.4666666666666667,"-0.4664773641770326,-0.6615170930278401"
0.9833333333333333,6,Human,1,0,0,40,-0.9833333333333333,-0.9833333333333333,"-1.1152783971259737,-0.9859973782947691"
0.9333333333333333,7,Human,1,0,0,22,-0.9333333333333333,-0.9333333333333333,"-1.1604915200000003,-0.9525631448852777"
1.0,8,Human,0,0,0,49,-1.0,-1.0,"-1.0019603223362414,-0.9261879491349375"
0.8833333333333333,9,Human,1,0,0,18,-0.8833333333333333,-0.8833333333333333,"-1.2395075925333334,-0.8887589789583953"
1.5666666666666667,10,Human,0,0,0,10,-1.5666666666666667,-1.5666666666666667,"-0.9372508170930852,-0.7725829979929828"
1.0166666666666666,11,Human,0,0,0,50,-1.0166666666666666,-1.0166666666666666,"-1.008450268849876,-0.9212755736488664"
0.8666666666666667,12,Human,1,0,0,15,-0.8666666666666667,-0.8666666666666667,"-1.1078610773333335,-0.8532908995715953"
0.9,13,Human,1,0,0,20,-0.9,-0.9,"-1.159535786666667,-0.9128824798228264"
0.9166666666666666,14,Human,1,0,0,25,-0.9166666666666666,-0.9166666666666666,"-1.1961726378666668,-0.9356482187657255"
0.9333333333333333,15,Human,1,0,0,30,-0.9333333333333333,-0.9333333333333333,"-1.2190616477013336,-0.9486616636936597"
0.7333333333333333,16,Human,1,0,0,5,-0.7333333333333333,-0.7333333333333333,"-0.5073547062892078,-0.6907890128213334"
0.95,17,Human,1,0,0,32,-0.95,-0.95,"-1.1418381025280004,-0.9491860689148695"
0.55,18,Human,0,0,0,8,-0.55,-0.55,"-0.9269774275733315,-0.7381055264723371"
0.95,19,Human,1,0,0,38,-0.95,-0.95,"-1.112895274161494,-0.9611434088855177"
