travel_time,id,kind,action,origin,destination,start_time,reward,reward_right,cost_table
0.9,0,Human,1,0,0,12,-0.9,-0.9,"-1.1668758562133337,-0.8864344254877874"
1.0,1,Human,1,0,0,35,-1.0,-1.0,"-1.2166938168531356,-0.9641344442320463"
0.55,2,Human,0,0,0,7,-0.55,-0.55,"-0.5274048413719746,-0.7077132882438827"
0.9833333333333333,3,Human,1,0,0,44,-0.9833333333333333,-0.9833333333333333,"-1.0755339408892235,-0.9858080590690917"
0.95,4,Human,1,0,0,28,-0.95,-0.95,"-1.2184569941333336,-0.9193883229315387"
0.4666666666666667,5,Human,0,0,0,3,-0.4666666666666667,-0.4666666666666667,"-0.4666412589166033,-0.6692136744222721"
1.1,6,Human,0,0,0,40,-1.1,-1.1,"-1.112222717700779,-1.012581178062014"
0.9666666666666667,7,Human,1,0,0,22,-0.9666666666666667,-0.9666666666666667,"-1.225059882666667,-0.9537450050830371"
0.9833333333333333,8,Human,0,0,0,49,-0.9833333333333333,-0.9833333333333333,"-0.9982349245356599,-0.9570026993005378"
0.9,9,Human,1,0,0,18,-0.9,-0.9,"-1.2949394073600002,-0.8923271511620626"
0.5666666666666667,10,Human,0,0,0,10,-0.5666666666666667,-0.5666666666666667,"-0.8038405229395746,-0.7771563930192253"
1.0,11,Human,0,0,0,50,-1.0,-1.0,"-1.018741505397254,-0.9656183449463096"
0.8833333333333333,12,Human,1,0,0,15,-0.8833333333333333,-0.8833333333333333,"-1.1078610773333335,-0.8631319389841942"
0.9333333333333333,13,Human,1,0,0,20,-0.9333333333333333,-0.9333333333333333,"-1.2881029034666671,-0.9130127347993656"
0.95,14,Human,1,0,0,25,-0.95,-0.95,"-1.2369381102933334,-0.9172860842633161"
0.9833333333333333,15,Human,1,0,0,30,-0.9833333333333333,-0.9833333333333333,"-1.2190616477013336,-0.9354746848599972"
0.5,16,Human,0,0,0,5,-0.5,-0.5,"-0.5047218655745959,-0.6907890128213334"
1.0,17,Human,1,0,0,32,-1.0,-1.0,"-1.2041097189512537,-0.9443227090237567"
0.55,18,Human,0,0,0,8,-0.55,-0.55,"-0.7456791095842125,-0.7343981347719182"
1.0333333333333334,19,Human,1,0,0,38,-1.0333333333333334,-1.0333333333333334,"-1.112895274161494,-0.9744993769248983"
