travel_time,id,kind,action,origin,destination,start_time,reward,reward_right,cost_table
0.65,0,Human,0,0,0,12,-0.65,-0.65,"-0.5409480960000002,-0.5488000000000001"
0.65,1,Human,0,0,0,35,-0.65,-0.65,"-0.5700477866666668,-0.6270933333333335"
0.55,2,Human,0,0,0,7,-0.55,-0.55,"-0.49689510331733344,0.0"
0.7,3,Human,0,0,0,44,-0.7,-0.7,"-0.6025006933333334,-0.6642933333333334"
0.6333333333333333,4,Human,0,0,0,28,-0.6333333333333333,-0.6333333333333333,"-0.5536763733333334,-0.6046133333333334"
0.4666666666666667,5,Human,0,0,0,3,-0.4666666666666667,-0.4666666666666667,"-0.4265803052373334,0.0"
0.7333333333333333,6,Human,0,0,0,40,-0.7333333333333333,-0.7333333333333333,"-0.6187101866666668,-0.6806666666666668"
0.6833333333333333,7,Human,0,0,0,22,-0.6833333333333333,-0.6833333333333333,"-0.6314177402880001,0.0"
0.6666666666666666,8,Human,0,0,0,49,-0.6666666666666666,-0.6666666666666666,"-0.5820245333333335,-0.6537866666666667"
0.6333333333333333,9,Human,0,0,0,18,-0.6333333333333333,-0.6333333333333333,"-0.5783289849173334,0.0"
0.5666666666666667,10,Human,0,0,0,10,-0.5666666666666667,-0.5666666666666667,"-0.4715957760000001,-0.4738666666666667"
0.6833333333333333,11,Human,0,0,0,50,-0.6833333333333333,-0.6833333333333333,"-0.5951959466666668,-0.6602933333333334"
0.6333333333333333,12,Human,0,0,0,15,-0.6333333333333333,-0.6333333333333333,"-0.5750284827306669,0.0"
0.65,13,Human,0,0,0,20,-0.65,-0.65,"-0.5377224960000001,-0.5253333333333334"
0.65,14,Human,0,0,0,25,-0.65,-0.65,"-0.6728172335786669,0.0"
0.65,15,Human,0,0,0,30,-0.65,-0.65,"-0.5625171200000001,-0.6204266666666668"
0.5,16,Human,0,0,0,5,-0.5,-0.5,"-0.41611392,-0.46413333333333334"
0.65,17,Human,0,0,0,32,-0.65,-0.65,"-0.6902903531520002,0.0"
0.55,18,Human,0,0,0,8,-0.55,-0.55,"-0.5027553597440001,0.0"
0.6833333333333333,19,Human,0,0,0,38,-0.6833333333333333,-0.6833333333333333,"-0.7112325328213336,0.0"
