travel_time,id,kind,action,origin,destination,start_time,reward,reward_right,cost_table
0.65,0,Human,0,0,0,12,-0.65,-0.65,"-0.5627584768000001,-0.5488000000000001"
0.65,1,Human,0,0,0,35,-0.65,-0.65,"-0.5860382293333335,-0.6270933333333335"
0.55,2,Human,0,0,0,7,-0.55,-0.55,"-0.5075160826538668,0.0"
0.7333333333333333,3,Human,0,0,0,44,-0.7333333333333333,-0.7333333333333333,"-0.6286672213333335,-0.6642933333333334"
0.6333333333333333,4,Human,0,0,0,28,-0.6333333333333333,-0.6333333333333333,"-0.5696077653333335,-0.6046133333333334"
0.4666666666666667,5,Human,0,0,0,3,-0.4666666666666667,-0.4666666666666667,"-0.4345975775232001,0.0"
0.7666666666666667,6,Human,0,0,0,40,-0.7666666666666667,-0.7666666666666667,"-0.6483014826666668,-0.6806666666666668"
0.6666666666666666,7,Human,0,0,0,22,-0.6666666666666666,-0.6666666666666666,"-0.6384675255637334,0.0"
0.6833333333333333,8,Human,0,0,0,49,-0.6833333333333333,-0.6833333333333333,"-0.6022862933333335,-0.6537866666666667"
0.6333333333333333,9,Human,0,0,0,18,-0.6333333333333333,-0.6333333333333333,"-0.5893298546005334,0.0"
0.5666666666666667,10,Human,0,0,0,10,-0.5666666666666667,-0.5666666666666667,"-0.4906099541333334,-0.4738666666666667"
0.7,11,Human,0,0,0,50,-0.7,-0.7,"-0.6161567573333334,-0.6602933333333334"
0.6333333333333333,12,Human,0,0,0,15,-0.6333333333333333,-0.6333333333333333,"-0.5866894528512002,0.0"
1.05,13,Human,1,0,0,20,-1.05,-1.05,"-0.5377224960000001,-0.6302666666666668"
0.65,14,Human,0,0,0,25,-0.65,-0.65,"-0.6682537868629335,0.0"
0.65,15,Human,0,0,0,30,-0.65,-0.65,"-0.5800136960000001,-0.6204266666666668"
0.5,16,Human,0,0,0,5,-0.5,-0.5,"-0.43289113600000007,-0.46413333333333334"
0.65,17,Human,0,0,0,32,-0.65,-0.65,"-0.6822322825216002,0.0"
0.55,18,Human,0,0,0,8,-0.55,-0.55,"-0.5122042877952001,0.0"
0.6833333333333333,19,Human,0,0,0,38,-0.6833333333333333,-0.6833333333333333,"-0.7056526929237336,0.0"
