travel_time,id,kind,action,origin,destination,start_time,reward,reward_right,cost_table
1.1,0,Human,1,0,0,12,-1.1,-1.1,"-0.13,-0.22000000000000003"
1.0666666666666667,1,Human,1,0,0,35,-1.0666666666666667,-1.0666666666666667,"-0.13,-0.21333333333333335"
0.5333333333333333,2,Human,0,0,0,7,-0.5333333333333333,-0.5333333333333333,"-0.1946666666666667,0.0"
1.15,3,Human,1,0,0,44,-1.15,-1.15,"-0.13999999999999999,-0.22999999999999998"
1.0333333333333334,4,Human,1,0,0,28,-1.0333333333333334,-1.0333333333333334,"-0.12666666666666668,-0.2066666666666667"
0.4666666666666667,5,Human,0,0,0,3,-0.4666666666666667,-0.4666666666666667,"-0.168,0.0"
1.1666666666666667,6,Human,1,0,0,40,-1.1666666666666667,-1.1666666666666667,"-0.14666666666666667,-0.23333333333333336"
0.6833333333333333,7,Human,0,0,0,22,-0.6833333333333333,-0.6833333333333333,"-0.24600000000000005,0.0"
1.1333333333333333,8,Human,1,0,0,49,-1.1333333333333333,-1.1333333333333333,"-0.13333333333333333,-0.22666666666666668"
0.6333333333333333,9,Human,0,0,0,18,-0.6333333333333333,-0.6333333333333333,"-0.22800000000000004,0.0"
0.9833333333333333,10,Human,1,0,0,10,-0.9833333333333333,-0.9833333333333333,"-0.11333333333333334,-0.19666666666666666"
1.15,11,Human,1,0,0,50,-1.15,-1.15,"-0.1366666666666667,-0.22999999999999998"
0.6,12,Human,0,0,0,15,-0.6,-0.6,"-0.22133333333333333,0.0"
1.0833333333333333,13,Human,1,0,0,20,-1.0833333333333333,-1.0833333333333333,"-0.13,-0.21666666666666667"
0.6666666666666666,14,Human,0,0,0,25,-0.6666666666666666,-0.6666666666666666,"-0.23733333333333334,0.0"
1.0666666666666667,15,Human,1,0,0,30,-1.0666666666666667,-1.0666666666666667,"-0.13,-0.21333333333333335"
0.9333333333333333,16,Human,1,0,0,5,-0.9333333333333333,-0.9333333333333333,"-0.1,-0.18666666666666668"
1.4833333333333334,17,Human,0,0,0,32,-1.4833333333333334,-1.4833333333333334,"-0.4006666666666667,0.0"
0.55,18,Human,0,0,0,8,-0.55,-0.55,"-0.19800000000000004,0.0"
1.4333333333333333,19,Human,0,0,0,38,-1.4333333333333333,-1.4333333333333333,"-0.396,0.0"
