travel_time,id,kind,action,origin,destination,start_time,reward,reward_right,cost_table
0.65,0,Human,0,0,0,12,-0.65,-0.65,"-0.6499952501196787,-0.6657066666666668"
0.65,1,Human,0,0,0,35,-0.65,-0.65,"-0.6500012106509429,-0.7150080000000002"
0.55,2,Human,0,0,0,7,-0.55,-0.55,"-0.5499976136196946,0.0"
0.7,3,Human,0,0,0,44,-0.7,-0.7,"-0.7000014152484463,-0.7581013333333334"
0.6333333333333333,4,Human,0,0,0,28,-0.6333333333333333,-0.6333333333333333,"-0.6333350105541954,-0.6903573333333335"
0.4666666666666667,5,Human,0,0,0,3,-0.4666666666666667,-0.4666666666666667,"-0.46666526986083523,0.0"
0.7333333333333333,6,Human,0,0,0,40,-0.7333333333333333,-0.7333333333333333,"-0.7333340027333564,-0.7745333333333334"
0.6833333333333333,7,Human,0,0,0,22,-0.6833333333333333,-0.6833333333333333,"-0.6833303275739134,0.0"
0.6666666666666666,8,Human,0,0,0,49,-0.6666666666666666,-0.6666666666666666,"-0.666666881424512,-0.7430293333333335"
0.6333333333333333,9,Human,0,0,0,18,-0.6333333333333333,-0.6333333333333333,"-0.6333312437346531,0.0"
0.5666666666666667,10,Human,0,0,0,10,-0.5666666666666667,-0.5666666666666667,"-0.566662525745361,-0.5724266666666668"
0.6833333333333333,11,Human,0,0,0,50,-0.6833333333333333,-0.6833333333333333,"-0.6833333958514252,-0.7515680000000001"
0.6333333333333333,12,Human,0,0,0,15,-0.6333333333333333,-0.6333333333333333,"-0.633330947245008,0.0"
0.65,13,Human,0,0,0,20,-0.65,-0.65,"-0.6499934439552315,-0.7142133333333334"
0.65,14,Human,0,0,0,25,-0.65,-0.65,"-0.6500051251576695,0.0"
0.65,15,Human,0,0,0,30,-0.65,-0.65,"-0.6500001737225511,-0.7063413333333335"
0.5,16,Human,0,0,0,5,-0.5,-0.5,"-0.49999634624590683,-0.56464"
0.65,17,Human,0,0,0,32,-0.65,-0.65,"-0.6500053256681846,0.0"
0.55,18,Human,0,0,0,8,-0.55,-0.55,"-0.5499983537645559,0.0"
0.6833333333333333,19,Human,0,0,0,38,-0.6833333333333333,-0.6833333333333333,"-0.6833373821982852,0.0"
