{"train/episode_reward": -1.7833333015441895, "trainer/step": 4, "_timestamp": 1721386876.3259492, "_runtime": 42.01367521286011, "_step": 3}