{"train/episode_reward_2": -1.81333327293396, "trainer/step": 800, "_timestamp": 1721403522.7248547, "_runtime": 1462.433465719223, "_step": 21599, "train/episode_reward_1": -3.2233333587646484, "train/episode_reward_3": -3.9700000286102295, "train/episode_reward_4": -2.2966666221618652, "train/q_values_2": -145.461474609375, "train/q_loss_2": 1.3757050037384033, "train/epsilon_2": 0.2800162732601166, "train/sampling_time": 10.794615268707275, "train/training_time": 3.7619340419769287, "train/q_values_1": 0.0, "train/q_loss_1": 0.4132709503173828, "train/epsilon_1": 0.2800162732601166, "train/q_values_3": -267.5490234375, "train/q_loss_3": 2.8669793605804443, "train/epsilon_3": 0.2800162732601166, "train/q_values_4": -172.2732177734375, "train/q_loss_4": 0.8053677082061768, "train/epsilon_4": 0.2800162732601166}