travel_time,id,kind,action,origin,destination,start_time,reward,reward_right,cost_table
0.6666666666666666,0,Human,0,0,0,12,-0.6666666666666666,-0.6666666666666666,"-0.7844822289066669,0.0"
1.45,1,Human,0,0,0,35,-1.45,-1.45,"-0.9128914107733335,0.0"
0.5166666666666667,2,Human,0,0,0,7,-0.5166666666666667,-0.5166666666666667,"-0.48113781248000015,0.0"
1.0166666666666666,3,Human,1,0,0,44,-1.0166666666666666,-1.0166666666666666,"-0.5164992,-0.60024"
1.5,4,Human,0,0,0,28,-1.5,-1.5,"-0.9176270882133337,0.0"
0.4666666666666667,5,Human,0,0,0,3,-0.4666666666666667,-0.4666666666666667,"-0.36879957333333335,-0.36600000000000005"
1.0333333333333334,6,Human,1,0,0,40,-1.0333333333333334,-1.0333333333333334,"-0.5410944,-0.6165866666666667"
0.9833333333333333,7,Human,1,0,0,22,-0.9833333333333333,-0.9833333333333333,"-0.5042016000000002,-0.5740533333333334"
1.0,8,Human,1,0,0,49,-1.0,-1.0,"-0.491904,-0.5904"
0.9166666666666666,9,Human,1,0,0,18,-0.9166666666666666,-0.9166666666666666,"-0.4673088000000001,-0.5542133333333334"
0.5666666666666667,10,Human,0,0,0,10,-0.5666666666666667,-0.5666666666666667,"-0.5780348689066668,0.0"
1.0166666666666666,11,Human,1,0,0,50,-1.0166666666666666,-1.0166666666666666,"-0.5042016000000002,-0.60024"
1.2333333333333334,12,Human,0,0,0,15,-1.2333333333333334,-1.2333333333333334,"-0.8862717986133337,0.0"
1.5666666666666667,13,Human,0,0,0,20,-1.5666666666666667,-1.5666666666666667,"-0.9519233467733335,0.0"
1.5166666666666666,14,Human,0,0,0,25,-1.5166666666666666,-1.5166666666666666,"-0.9325041851733336,0.0"
0.9166666666666666,15,Human,1,0,0,30,-0.9166666666666666,-0.9166666666666666,"-0.4796064000000001,-0.5412000000000001"
0.5,16,Human,0,0,0,5,-0.5,-0.5,"-0.3951424,-0.3904000000000001"
1.4666666666666666,17,Human,0,0,0,32,-1.4666666666666666,-1.4666666666666666,"-0.9130850235733335,0.0"
0.8,18,Human,1,0,0,8,-0.8,-0.8,"-0.4058208000000001,-0.4788266666666668"
0.9833333333333333,19,Human,1,0,0,38,-0.9833333333333333,-0.9833333333333333,"-0.5042016000000002,-0.58056"
