travel_time,id,kind,action,origin,destination,start_time,reward,reward_right,cost_table
0.7833333333333333,0,Human,0,0,0,12,-0.7833333333333333,-0.7833333333333333,"-0.7842524497920003,0.0"
0.7833333333333333,1,Human,0,0,0,35,-0.7833333333333333,-0.7833333333333333,"-0.8869797952853335,0.0"
0.55,2,Human,0,0,0,7,-0.55,-0.55,"-0.49491024998400013,0.0"
0.7833333333333333,3,Human,0,0,0,44,-0.7833333333333333,-0.7833333333333333,"-0.5698660266666667,-0.60024"
0.7666666666666667,4,Human,0,0,0,28,-0.7666666666666667,-0.7666666666666667,"-0.8874350039040003,0.0"
0.75,5,Human,1,0,0,3,-0.75,-0.75,"-0.36879957333333335,-0.4428000000000001"
0.7833333333333333,6,Human,0,0,0,40,-0.7833333333333333,-0.7833333333333333,"-0.5895421866666667,-0.6165866666666667"
0.8,7,Human,0,0,0,22,-0.8,-0.8,"-0.5633612800000003,-0.5740533333333334"
0.7333333333333333,8,Human,0,0,0,49,-0.7333333333333333,-0.7333333333333333,"-0.5401898666666667,-0.5904"
0.75,9,Human,0,0,0,18,-0.75,-0.75,"-0.5238470400000002,-0.5542133333333334"
0.7666666666666667,10,Human,0,0,0,10,-0.7666666666666667,-0.7666666666666667,"-0.6157612284586668,0.0"
0.75,11,Human,0,0,0,50,-0.75,-0.75,"-0.5533612800000003,-0.60024"
0.7666666666666667,12,Human,0,0,0,15,-0.7666666666666667,-0.7666666666666667,"-0.8623507722240004,0.0"
0.7833333333333333,13,Human,0,0,0,20,-0.7833333333333333,-0.7833333333333333,"-0.9182053440853335,0.0"
0.7666666666666667,14,Human,0,0,0,25,-0.7666666666666667,-0.7666666666666667,"-0.8993366814720002,0.0"
0.75,15,Human,0,0,0,30,-0.75,-0.75,"-0.5336851200000001,-0.5412000000000001"
0.8,16,Human,1,0,0,5,-0.8,-0.8,"-0.3951424,-0.47232000000000013"
0.7666666666666667,17,Human,0,0,0,32,-0.7666666666666667,-0.7666666666666667,"-0.8838013521920002,0.0"
0.55,18,Human,0,0,0,8,-0.55,-0.55,"-0.43465664000000015,-0.4788266666666668"
0.7833333333333333,19,Human,0,0,0,38,-0.7833333333333333,-0.7833333333333333,"-0.5600279466666669,-0.58056"
