travel_time,id,kind,action,origin,destination,start_time,reward,reward_right,cost_table
0.65,0,Human,0,0,0,12,-0.65,-0.65,"-0.7574019598336003,0.0"
0.65,1,Human,0,0,0,35,-0.65,-0.65,"-0.8395838362282669,0.0"
0.55,2,Human,0,0,0,7,-0.55,-0.55,"-0.5059281999872002,0.0"
0.7,3,Human,0,0,0,44,-0.7,-0.7,"-0.5958928213333334,-0.60024"
0.6333333333333333,4,Human,0,0,0,28,-0.6333333333333333,-0.6333333333333333,"-0.836614669789867,0.0"
0.4666666666666667,5,Human,0,0,0,3,-0.4666666666666667,-0.4666666666666667,"-0.38837299200000003,-0.4428000000000001"
0.7333333333333333,6,Human,0,0,0,40,-0.7333333333333333,-0.7333333333333333,"-0.6183004160000001,-0.6165866666666667"
0.6833333333333333,7,Human,0,0,0,22,-0.6833333333333333,-0.6833333333333333,"-0.5873556906666669,-0.5740533333333334"
0.6666666666666666,8,Human,0,0,0,49,-0.6666666666666666,-0.6666666666666666,"-0.5654852266666667,-0.5904"
0.6333333333333333,9,Human,0,0,0,18,-0.6333333333333333,-0.6333333333333333,"-0.5457442986666668,-0.5542133333333334"
0.5666666666666667,10,Human,0,0,0,10,-0.5666666666666667,-0.5666666666666667,"-0.6059423161002668,0.0"
0.6833333333333333,11,Human,0,0,0,50,-0.6833333333333333,-0.6833333333333333,"-0.5793556906666669,-0.60024"
0.6333333333333333,12,Human,0,0,0,15,-0.6333333333333333,-0.6333333333333333,"-0.816547284445867,0.0"
0.65,13,Human,0,0,0,20,-0.65,-0.65,"-0.8645642752682668,0.0"
0.65,14,Human,0,0,0,25,-0.65,-0.65,"-0.8494693451776002,0.0"
0.65,15,Human,0,0,0,30,-0.65,-0.65,"-0.5569480960000002,-0.5412000000000001"
0.5,16,Human,0,0,0,5,-0.5,-0.5,"-0.41611392,-0.47232000000000013"
0.65,17,Human,0,0,0,32,-0.65,-0.65,"-0.8370410817536001,0.0"
0.55,18,Human,0,0,0,8,-0.55,-0.55,"-0.4577253120000001,-0.4788266666666668"
0.6833333333333333,19,Human,0,0,0,38,-0.6833333333333333,-0.6833333333333333,"-0.5846890240000002,-0.58056"
