travel_time,id,kind,action,origin,destination,start_time,reward,reward_right,cost_table
0.65,0,Human,0,0,0,12,-0.65,-0.65,"-0.7359215678668802,0.0"
0.65,1,Human,0,0,0,35,-0.65,-0.65,"-0.8016670689826136,0.0"
0.55,2,Human,0,0,0,7,-0.55,-0.55,"-0.5147425599897602,0.0"
0.7166666666666667,3,Human,0,0,0,44,-0.7166666666666667,-0.7166666666666667,"-0.6200475904000001,-0.60024"
0.6666666666666666,4,Human,0,0,0,28,-0.6666666666666666,-0.6666666666666666,"-0.8026250691652269,0.0"
0.4666666666666667,5,Human,0,0,0,3,-0.4666666666666667,-0.4666666666666667,"-0.4040317269333334,-0.4428000000000001"
1.0333333333333334,6,Human,1,0,0,40,-1.0333333333333334,-1.0333333333333334,"-0.6183004160000001,-0.6999360000000001"
1.0166666666666666,7,Human,1,0,0,22,-1.0166666666666666,-1.0166666666666666,"-0.5873556906666669,-0.662576"
0.6666666666666666,8,Human,0,0,0,49,-0.6666666666666666,-0.6666666666666666,"-0.5857215146666667,-0.5904"
0.6333333333333333,9,Human,0,0,0,18,-0.6333333333333333,-0.6333333333333333,"-0.5632621056000002,-0.5542133333333334"
0.5666666666666667,10,Human,0,0,0,10,-0.5666666666666667,-0.5666666666666667,"-0.5980871862135468,0.0"
0.6833333333333333,11,Human,0,0,0,50,-0.6833333333333333,-0.6833333333333333,"-0.6001512192000003,-0.60024"
0.6333333333333333,12,Human,0,0,0,15,-0.6333333333333333,-0.6333333333333333,"-0.7799044942233604,0.0"
0.65,13,Human,0,0,0,20,-0.65,-0.65,"-0.8216514202146136,0.0"
0.65,14,Human,0,0,0,25,-0.65,-0.65,"-0.8095754761420803,0.0"
0.9166666666666666,15,Human,1,0,0,30,-0.9166666666666666,-0.9166666666666666,"-0.5569480960000002,-0.6162933333333335"
0.5,16,Human,0,0,0,5,-0.5,-0.5,"-0.43289113600000007,-0.47232000000000013"
0.65,17,Human,0,0,0,32,-0.65,-0.65,"-0.7996328654028801,0.0"
0.55,18,Human,0,0,0,8,-0.55,-0.55,"-0.47618024960000016,-0.4788266666666668"
1.0,19,Human,1,0,0,38,-1.0,-1.0,"-0.5846890240000002,-0.6644479999999999"
