travel_time,id,kind,action,origin,destination,start_time,reward,reward_right
1.75,6,AV,2,0,1,1598,-1.75,
3.216666666666667,2,AV,1,1,0,1065,-3.216666666666667,
2.3333333333333335,4,AV,1,1,1,1842,-2.3333333333333335,
3.9166666666666665,3,AV,1,1,0,1818,-3.9166666666666665,
1.9833333333333334,0,Human,0,0,1,1022,-1.9833333333333334,-1.9833333333333334
1.8166666666666667,1,Human,0,0,1,1807,-1.8166666666666667,-1.85
4.45,5,Human,2,0,0,2100,-4.45,-3.4166666666666665
1.75,7,Human,0,0,1,525,-1.75,-1.7833333333333334
