{"train/episode_reward": -1.7833333015441895, "trainer/step": 2, "_timestamp": 1721386068.6038644, "_runtime": 27.71169352531433, "_step": 1}