{"train/episode_reward_2": -3.183333396911621, "trainer/step": 180, "_timestamp": 1721404823.137739, "_runtime": 116.57454586029053, "_step": 4431, "train/episode_reward_6": -2.2699999809265137, "train/episode_reward_4": -3.5333333015441895, "train/episode_reward_5": -1.7433334589004517, "train/q_values_2": 0.0, "train/q_loss_2": 2.572143793106079, "train/epsilon_2": 0.8380053043365479, "train/sampling_time": 9.527711153030396, "train/training_time": 0.703467607498169, "train/q_values_6": -18.296627807617188, "train/q_loss_6": 0.6700916886329651, "train/epsilon_6": 0.8380053043365479, "train/q_values_4": 2.064299201965332, "train/q_loss_4": 1.4796535968780518, "train/epsilon_4": 0.8560047149658203, "train/q_values_5": -0.390173077583313, "train/q_loss_5": 4.025650978088379, "train/epsilon_5": 0.8560047149658203}