travel_time,id,kind,action,origin,destination,start_time,reward,reward_right
1.9833333333333334,0,Human,0,0,1,1022,-1.9833333333333334,-1.9833333333333334
1.85,1,Human,1,0,1,1807,-1.85,-1.85
3.183333333333333,2,Human,0,1,0,1065,-3.183333333333333,-3.183333333333333
3.9,3,Human,1,1,0,1818,-3.9,-3.9
2.316666666666667,4,Human,1,1,1,1842,-2.316666666666667,-2.316666666666667
3.466666666666667,5,Human,1,0,0,2100,-3.466666666666667,-3.466666666666667
1.75,6,Human,1,0,1,1598,-1.75,-1.75
1.75,7,Human,0,0,1,525,-1.75,-1.75
