travel_time,id,kind,action,origin,destination,start_time,reward,reward_right,cost_table
0.7166666666666667,0,Human,0,0,0,12,-0.7166666666666667,-0.7166666666666667,"-0.702657909242353,0.0"
0.8833333333333333,1,Human,0,0,0,35,-0.8833333333333333,-0.8833333333333333,"-0.7683934293333334,-0.7540951381333335"
0.7333333333333333,2,Human,1,0,0,7,-0.7333333333333333,-0.7333333333333333,"-0.49952975974400016,-0.5452586666666668"
1.0,3,Human,0,0,0,44,-1.0,-1.0,"-0.9547295861119824,0.0"
0.8666666666666667,4,Human,0,0,0,28,-0.8666666666666667,-0.8666666666666667,"-0.7217922389333334,-0.6915552000000003"
0.4666666666666667,5,Human,0,0,0,3,-0.4666666666666667,-0.4666666666666667,"-0.4561582675361356,0.0"
0.9333333333333333,6,Human,1,0,0,40,-0.9333333333333333,-0.9333333333333333,"-0.7710275328000001,-0.7814435840000001"
0.9,7,Human,1,0,0,22,-0.9,-0.9,"-0.7510259353600002,-0.7114304000000001"
0.85,8,Human,1,0,0,49,-0.85,-0.85,"-0.6994367146666668,-0.7188907946666668"
0.6833333333333333,9,Human,0,0,0,18,-0.6833333333333333,-0.6833333333333333,"-0.6785426248445244,0.0"
0.5833333333333334,10,Human,0,0,0,10,-0.5833333333333334,-0.5833333333333334,"-0.623671621224126,0.0"
0.9333333333333333,11,Human,0,0,0,50,-0.9333333333333333,-0.9333333333333333,"-0.9047951258820282,0.0"
0.6833333333333333,12,Human,0,0,0,15,-0.6833333333333333,-0.6833333333333333,"-0.6004654711466668,-0.6236629333333334"
0.8333333333333334,13,Human,1,0,0,20,-0.8333333333333334,-0.8333333333333334,"-0.7263452347733335,-0.6644765866666669"
0.8833333333333333,14,Human,0,0,0,25,-0.8833333333333333,-0.8833333333333333,"-0.9262129436065576,0.0"
0.85,15,Human,0,0,0,30,-0.85,-0.85,"-0.7227243434666668,-0.7057669973333334"
0.5333333333333333,16,Human,0,0,0,5,-0.5333333333333333,-0.5333333333333333,"-0.4774678882986668,-0.4878293333333334"
0.8666666666666667,17,Human,0,0,0,32,-0.8666666666666667,-0.8666666666666667,"-0.7487187626666668,-0.7331019690666669"
0.5666666666666667,18,Human,0,0,0,8,-0.5666666666666667,-0.5666666666666667,"-0.5625525483750033,0.0"
1.0833333333333333,19,Human,0,0,0,38,-1.0833333333333333,-1.0833333333333333,"-0.9995767481748905,0.0"
