travel_time,id,kind,action,origin,destination,start_time,reward,reward_right,cost_table
0.65,0,Human,0,0,0,12,-0.65,-0.65,"-0.6921263273938825,0.0"
0.9,1,Human,1,0,0,35,-0.9,-0.9,"-0.7683934293333334,-0.7832761105066669"
0.55,2,Human,0,0,0,7,-0.55,-0.55,"-0.5096238077952001,-0.5452586666666668"
0.9166666666666666,3,Human,0,0,0,44,-0.9166666666666666,-0.9166666666666666,"-0.9471170022229194,0.0"
0.8333333333333334,4,Human,1,0,0,28,-0.8333333333333334,-0.8333333333333334,"-0.7217922389333334,-0.719910826666667"
0.4666666666666667,5,Human,0,0,0,3,-0.4666666666666667,-0.4666666666666667,"-0.4582599473622418,0.0"
0.95,6,Human,0,0,0,40,-0.95,-0.95,"-0.8068220262400001,-0.7814435840000001"
0.9,7,Human,1,0,0,22,-0.9,-0.9,"-0.7510259353600002,-0.7491443200000002"
0.8833333333333333,8,Human,0,0,0,49,-0.8833333333333333,-0.8833333333333333,"-0.7362160384,-0.7188907946666668"
0.6333333333333333,9,Human,0,0,0,18,-0.6333333333333333,-0.6333333333333333,"-0.6695007665422863,0.0"
0.5666666666666667,10,Human,0,0,0,10,-0.5666666666666667,-0.5666666666666667,"-0.6122706303126342,0.0"
0.9,11,Human,0,0,0,50,-0.9,-0.9,"-0.9038361007056226,0.0"
0.6333333333333333,12,Human,0,0,0,15,-0.6333333333333333,-0.6333333333333333,"-0.6070390435840002,-0.6236629333333334"
0.8666666666666667,13,Human,1,0,0,20,-0.8666666666666667,-0.8666666666666667,"-0.7263452347733335,-0.7049146026666668"
1.1333333333333333,14,Human,0,0,0,25,-1.1333333333333333,-1.1333333333333333,"-0.9676370215519128,0.0"
0.8666666666666667,15,Human,1,0,0,30,-0.8666666666666667,-0.8666666666666667,"-0.7227243434666668,-0.7379469312000001"
0.5,16,Human,0,0,0,5,-0.5,-0.5,"-0.4819743106389335,-0.4878293333333334"
0.8666666666666667,17,Human,1,0,0,32,-0.8666666666666667,-0.8666666666666667,"-0.7487187626666668,-0.7598149085866669"
0.55,18,Human,0,0,0,8,-0.55,-0.55,"-0.5600420387000027,0.0"
0.95,19,Human,0,0,0,38,-0.95,-0.95,"-0.9896613985399125,0.0"
