travel_time,id,kind,action,origin,destination,start_time,reward,reward_right,cost_table
0.6666666666666666,0,Human,0,0,0,27,-0.6666666666666666,-0.6666666666666666,"-0.5946112000000001,-0.6598133333333335"
0.8833333333333333,1,Human,0,0,0,40,-0.8833333333333333,-0.8833333333333333,"-0.9771074467840003,0.0"
0.7333333333333333,2,Human,0,0,0,31,-0.7333333333333333,-0.7333333333333333,"-0.7473327458986669,0.0"
0.55,3,Human,0,0,0,3,-0.55,-0.55,"-0.5027553597440001,0.0"
0.8166666666666667,4,Human,0,0,0,37,-0.8166666666666667,-0.8166666666666667,"-0.8359834791253336,0.0"
0.6666666666666666,5,Human,0,0,0,28,-0.6666666666666666,-0.6666666666666666,"-0.5981098666666668,-0.6696533333333334"
0.48333333333333334,6,Human,0,0,0,9,-0.48333333333333334,-0.48333333333333334,"-0.4022434560000001,-0.4344"
0.7833333333333333,7,Human,0,0,0,36,-0.7833333333333333,-0.7833333333333333,"-0.797683270656,0.0"
0.6,8,Human,0,0,0,22,-0.6,-0.6,"-0.5134337706666667,-0.5150666666666668"
0.5833333333333334,9,Human,0,0,0,25,-0.5833333333333334,-0.5833333333333334,"-0.6068164659200002,0.0"
0.8833333333333333,10,Human,0,0,0,39,-0.8833333333333333,-0.8833333333333333,"-0.9677519370240003,0.0"
0.85,11,Human,0,0,0,38,-0.85,-0.85,"-0.7311340800000001,-0.7483733333333333"
0.4666666666666667,12,Human,0,0,0,2,-0.4666666666666667,-0.4666666666666667,"-0.38837299200000003,-0.4310666666666667"
0.5,13,Human,0,0,0,18,-0.5,-0.5,"-0.4579241403733334,0.0"
0.6,14,Human,0,0,0,20,-0.6,-0.6,"-0.5145260373333335,-0.5198666666666667"
0.7,15,Human,0,0,0,29,-0.7,-0.7,"-0.7063573579093335,0.0"
0.4666666666666667,16,Human,0,0,0,16,-0.4666666666666667,-0.4666666666666667,"-0.4265803052373334,0.0"
0.7666666666666667,17,Human,0,0,0,32,-0.7666666666666667,-0.7666666666666667,"-0.7758441970346668,0.0"
0.6166666666666667,18,Human,0,0,0,26,-0.6166666666666667,-0.6166666666666667,"-0.643932247722667,0.0"
0.7166666666666667,19,Human,0,0,0,30,-0.7166666666666667,-0.7166666666666667,"-0.7285783425706668,0.0"
