travel_time,id,kind,action,origin,destination,start_time,reward,reward_right,cost_table
0.6833333333333333,0,Human,0,0,0,27,-0.6833333333333333,-0.6833333333333333,"-0.6587621980160002,-0.6598133333333335"
0.9,1,Human,0,0,0,40,-0.9,-0.9,"-0.932221234828848,0.0"
0.75,2,Human,0,0,0,31,-0.75,-0.75,"-0.7589606608427419,0.0"
0.55,3,Human,0,0,0,3,-0.55,-0.55,"-0.534518876280914,0.0"
0.8166666666666667,4,Human,0,0,0,37,-0.8166666666666667,-0.8166666666666667,"-0.8429430664397894,0.0"
0.7,5,Human,0,0,0,28,-0.7,-0.7,"-0.6649486411093333,-0.6696533333333334"
0.48333333333333334,6,Human,0,0,0,9,-0.48333333333333334,-0.48333333333333334,"-0.45011891957760014,-0.5275200000000001"
0.7833333333333333,7,Human,0,0,0,36,-0.7833333333333333,-0.7833333333333333,"-0.8096888541285583,0.0"
0.6333333333333333,8,Human,0,0,0,22,-0.6333333333333333,-0.6333333333333333,"-0.5658758057984001,-0.6253866666666668"
0.6333333333333333,9,Human,0,0,0,25,-0.6333333333333333,-0.6333333333333333,"-0.6214016195526657,0.0"
0.8833333333333333,10,Human,0,0,0,39,-0.8833333333333333,-0.8833333333333333,"-0.9214489547240244,0.0"
0.85,11,Human,0,0,0,38,-0.85,-0.85,"-0.8066458525013336,-0.8520320000000001"
0.8833333333333333,12,Human,1,0,0,2,-0.8833333333333333,-0.8833333333333333,"-0.4345975775232001,-0.5215200000000001"
0.5,13,Human,0,0,0,18,-0.5,-0.5,"-0.48621258231753395,0.0"
0.6333333333333333,14,Human,0,0,0,20,-0.6333333333333333,-0.6333333333333333,"-0.5689898648917335,-0.6292266666666667"
0.7,15,Human,0,0,0,29,-0.7,-0.7,"-0.7117898457063971,0.0"
0.4666666666666667,16,Human,0,0,0,16,-0.4666666666666667,-0.4666666666666667,"-0.45353116775350283,0.0"
0.8,17,Human,0,0,0,32,-0.8,-0.8,"-0.8094072931509865,0.0"
0.65,18,Human,0,0,0,26,-0.65,-0.65,"-0.6516810522670969,0.0"
0.7333333333333333,19,Human,0,0,0,30,-0.7333333333333333,-0.7333333333333333,"-0.7389432179602229,0.0"
