travel_time,id,kind,action,origin,destination,start_time,reward,reward_right,cost_table
1.15,0,Human,1,0,0,27,-1.15,-1.15,"-0.24,-0.414"
1.2666666666666666,1,Human,1,0,0,40,-1.2666666666666666,-1.2666666666666666,"-0.318,-0.45600000000000007"
1.1666666666666667,2,Human,1,0,0,31,-1.1666666666666667,-1.1666666666666667,"-0.264,-0.41733333333333333"
0.9666666666666667,3,Human,1,0,0,3,-0.9666666666666667,-0.9666666666666667,"-0.19800000000000004,-0.3506666666666667"
1.4,4,Human,0,0,0,37,-1.4,-1.4,"-0.6820266666666668,0.0"
0.6666666666666666,5,Human,0,0,0,28,-0.6666666666666666,-0.6666666666666666,"-0.48106666666666675,0.0"
0.48333333333333334,6,Human,0,0,0,9,-0.48333333333333334,-0.48333333333333334,"-0.23586666666666672,-0.18333333333333335"
1.3833333333333333,7,Human,0,0,0,36,-1.3833333333333333,-1.3833333333333333,"-0.66568,0.0"
0.5666666666666667,8,Human,0,0,0,22,-0.5666666666666667,-0.5666666666666667,"-0.45210666666666677,0.0"
1.0166666666666666,9,Human,1,0,0,25,-1.0166666666666666,-1.0166666666666666,"-0.21000000000000002,-0.3686666666666667"
1.4,10,Human,0,0,0,39,-1.4,-1.4,"-0.6995199999999999,0.0"
1.2666666666666666,11,Human,1,0,0,38,-1.2666666666666666,-1.2666666666666666,"-0.30600000000000005,-0.4586666666666667"
0.4666666666666667,12,Human,0,0,0,2,-0.4666666666666667,-0.4666666666666667,"-0.22773333333333334,-0.18000000000000002"
0.5166666666666667,13,Human,0,0,0,18,-0.5166666666666667,-0.5166666666666667,"-0.24733333333333335,-0.18333333333333335"
1.0666666666666667,14,Human,1,0,0,20,-1.0666666666666667,-1.0666666666666667,"-0.216,-0.384"
0.6833333333333333,15,Human,0,0,0,29,-0.6833333333333333,-0.6833333333333333,"-0.5123466666666667,0.0"
0.4666666666666667,16,Human,0,0,0,16,-0.4666666666666667,-0.4666666666666667,"-0.22773333333333334,-0.17333333333333334"
1.2,17,Human,1,0,0,32,-1.2,-1.2,"-0.276,-0.432"
1.0666666666666667,18,Human,1,0,0,26,-1.0666666666666667,-1.0666666666666667,"-0.22200000000000003,-0.384"
1.1333333333333333,19,Human,1,0,0,30,-1.1333333333333333,-1.1333333333333333,"-0.258,-0.40800000000000003"
