travel_time,id,kind,action,origin,destination,start_time,reward,reward_right,cost_table
0.8,0,Human,0,0,0,27,-0.8,-0.8,"-0.5909973333333334,-0.5578666666666667"
1.2666666666666666,1,Human,1,0,0,40,-1.2666666666666666,-1.2666666666666666,"-0.7101493333333334,-0.7478400000000001"
1.1333333333333333,2,Human,1,0,0,31,-1.1333333333333333,-1.1333333333333333,"-0.5889013333333334,-0.6750933333333333"
0.55,3,Human,0,0,0,3,-0.55,-0.55,"-0.4058208000000001,-0.4738666666666667"
0.85,4,Human,0,0,0,37,-0.85,-0.85,"-0.8725051648000003,0.0"
0.8,5,Human,0,0,0,28,-0.8,-0.8,"-0.7041959253333335,0.0"
0.8833333333333333,6,Human,1,0,0,9,-0.8833333333333333,-0.8833333333333333,"-0.35663040000000007,-0.43800000000000006"
0.7833333333333333,7,Human,0,0,0,36,-0.7833333333333333,-0.7833333333333333,"-0.838156689066667,0.0"
0.75,8,Human,0,0,0,22,-0.75,-0.75,"-0.6013783125333335,0.0"
0.7333333333333333,9,Human,0,0,0,25,-0.7333333333333333,-0.7333333333333333,"-0.5398826666666667,-0.5016"
0.8833333333333333,10,Human,0,0,0,39,-0.8833333333333333,-0.8833333333333333,"-0.9546000469333336,0.0"
1.2666666666666666,11,Human,1,0,0,38,-1.2666666666666666,-1.2666666666666666,"-0.6829386666666668,-0.7522133333333335"
0.8833333333333333,12,Human,1,0,0,2,-0.8833333333333333,-0.8833333333333333,"-0.34433280000000005,-0.43320000000000003"
0.5166666666666667,13,Human,0,0,0,18,-0.5166666666666667,-0.5166666666666667,"-0.3739680000000001,-0.45066666666666677"
0.7666666666666667,14,Human,0,0,0,20,-0.7666666666666667,-0.7666666666666667,"-0.5092202666666668,-0.5205333333333334"
0.85,15,Human,0,0,0,29,-0.85,-0.85,"-0.7339177557333334,0.0"
0.4666666666666667,16,Human,0,0,0,16,-0.4666666666666667,-0.4666666666666667,"-0.34433280000000005,-0.4202666666666667"
1.1833333333333333,17,Human,1,0,0,32,-1.1833333333333333,-1.1833333333333333,"-0.6587786666666667,-0.7051466666666667"
0.7666666666666667,18,Human,0,0,0,26,-0.7666666666666667,-0.7666666666666667,"-0.5618112000000002,-0.5172000000000001"
1.1,19,Human,1,0,0,30,-1.1,-1.1,"-0.5776960000000001,-0.65712"
