travel_time,id,kind,action,origin,destination,start_time,reward,reward_right,cost_table
0.65,0,Human,0,0,0,12,-0.65,-0.65,"-0.5962987584853334,-0.6586133333333334"
0.65,1,Human,0,0,0,35,-0.65,-0.65,"-0.6614079334400002,-0.7243146666666668"
0.55,2,Human,0,0,0,7,-0.55,-0.55,"-0.5238495191657133,0.0"
0.7,3,Human,0,0,0,44,-0.7,-0.7,"-0.7488866502148098,0.0"
0.6333333333333333,4,Human,0,0,0,28,-0.6333333333333333,-0.6333333333333333,"-0.6739533298390359,0.0"
0.4666666666666667,5,Human,0,0,0,3,-0.4666666666666667,-0.4666666666666667,"-0.4502472930252118,0.0"
0.7333333333333333,6,Human,0,0,0,40,-0.7333333333333333,-0.7333333333333333,"-0.724532148906667,-0.7746346666666667"
0.6833333333333333,7,Human,0,0,0,22,-0.6833333333333333,-0.6833333333333333,"-0.6888076100266669,-0.7680960000000001"
0.6666666666666666,8,Human,0,0,0,49,-0.6666666666666666,-0.6666666666666666,"-0.7745807189934082,0.0"
0.6333333333333333,9,Human,0,0,0,18,-0.6333333333333333,-0.6333333333333333,"-0.6109066314372439,0.0"
0.5666666666666667,10,Human,0,0,0,10,-0.5666666666666667,-0.5666666666666667,"-0.5467288558163287,0.0"
0.6833333333333333,11,Human,0,0,0,50,-0.6833333333333333,-0.6833333333333333,"-0.7968813015919278,0.0"
0.6333333333333333,12,Human,0,0,0,15,-0.6333333333333333,-0.6333333333333333,"-0.6100103816795479,0.0"
0.65,13,Human,0,0,0,20,-0.65,-0.65,"-0.5925139179520001,-0.6187200000000002"
0.65,14,Human,0,0,0,25,-0.65,-0.65,"-0.6333332667733335,-0.722624"
0.65,15,Human,0,0,0,30,-0.65,-0.65,"-0.68185018063203,0.0"
0.5,16,Human,0,0,0,5,-0.5,-0.5,"-0.465640261632,-0.4674666666666667"
0.65,17,Human,0,0,0,32,-0.65,-0.65,"-0.6568170001066669,-0.6912640000000001"
0.55,18,Human,0,0,0,8,-0.55,-0.55,"-0.5027553597440001,-0.5527466666666667"
0.6833333333333333,19,Human,0,0,0,38,-0.6833333333333333,-0.6833333333333333,"-0.7162968160015705,0.0"
