travel_time,id,kind,action,origin,destination,start_time,reward,reward_right,cost_table
0.65,0,Human,0,0,0,12,-0.65,-0.65,"-0.6280039714755926,-0.6586133333333334"
0.65,1,Human,0,0,0,35,-0.65,-0.65,"-0.6610726895370241,-0.7243146666666668"
0.55,2,Human,0,0,0,7,-0.55,-0.55,"-0.5371554297169429,0.0"
0.7,3,Human,0,0,0,44,-0.7,-0.7,"-0.717890638594653,0.0"
0.6333333333333333,4,Human,0,0,0,28,-0.6333333333333333,-0.6333333333333333,"-0.6563712839020692,0.0"
0.4666666666666667,5,Human,0,0,0,3,-0.4666666666666667,-0.4666666666666667,"-0.45994129122312677,0.0"
0.7333333333333333,6,Human,0,0,0,40,-0.7333333333333333,-0.7333333333333333,"-0.7275950348588376,-0.7746346666666667"
0.6833333333333333,7,Human,0,0,0,22,-0.6833333333333333,-0.6833333333333333,"-0.6898422637335896,-0.7680960000000001"
0.6666666666666666,8,Human,0,0,0,49,-0.6666666666666666,-0.6666666666666666,"-0.7087349291663667,0.0"
0.6333333333333333,9,Human,0,0,0,18,-0.6333333333333333,-0.6333333333333333,"-0.6220140229033619,0.0"
0.5666666666666667,10,Human,0,0,0,10,-0.5666666666666667,-0.5666666666666667,"-0.5585001393423683,0.0"
0.6833333333333333,11,Human,0,0,0,50,-0.6833333333333333,-0.6833333333333333,"-0.7277092477987205,0.0"
0.6333333333333333,12,Human,0,0,0,15,-0.6333333333333333,-0.6333333333333333,"-0.6216469190026096,0.0"
0.65,13,Human,0,0,0,20,-0.65,-0.65,"-0.624320367459806,-0.6187200000000002"
0.65,14,Human,0,0,0,25,-0.65,-0.65,"-0.6495733060703575,-0.722624"
0.65,15,Human,0,0,0,30,-0.65,-0.65,"-0.6651791673202129,0.0"
0.5,16,Human,0,0,0,5,-0.5,-0.5,"-0.48240781395558396,-0.5673066666666667"
0.65,17,Human,0,0,0,32,-0.65,-0.65,"-0.6591922432436909,-0.6912640000000001"
0.55,18,Human,0,0,0,8,-0.55,-0.55,"-0.5306485953511425,-0.5527466666666667"
0.6833333333333333,19,Human,0,0,0,38,-0.6833333333333333,-0.6833333333333333,"-0.6989685091675767,0.0"
