travel_time,id,kind,action,origin,destination,start_time,reward,reward_right,cost_table
0.65,0,Human,0,0,0,12,-0.65,-0.65,"-0.649999999901979,-0.6577813333333333"
0.65,1,Human,0,0,0,35,-0.65,-0.65,"-0.6500000017190356,0.0"
0.55,2,Human,0,0,0,7,-0.55,-0.55,"-0.5499999998325042,-0.5986133333333334"
0.7,3,Human,0,0,0,44,-0.7,-0.7,"-0.700000000252752,0.0"
0.6333333333333333,4,Human,0,0,0,28,-0.6333333333333333,-0.6333333333333333,"-0.633333335125062,0.0"
0.4666666666666667,5,Human,0,0,0,3,-0.4666666666666667,-0.4666666666666667,"-0.4666666666417469,0.0"
0.7333333333333333,6,Human,0,0,0,40,-0.7333333333333333,-0.7333333333333333,"-0.7333333330008611,-0.7666154666666668"
0.6833333333333333,7,Human,0,0,0,22,-0.6833333333333333,-0.6833333333333333,"-0.6833333345372256,0.0"
0.6666666666666666,8,Human,0,0,0,49,-0.6666666666666666,-0.6666666666666666,"-0.6666666665489935,0.0"
0.6333333333333333,9,Human,0,0,0,18,-0.6333333333333333,-0.6333333333333333,"-0.6333333352902885,0.0"
0.5666666666666667,10,Human,0,0,0,10,-0.5666666666666667,-0.5666666666666667,"-0.5666666665743212,-0.5924213333333335"
0.6833333333333333,11,Human,0,0,0,50,-0.6833333333333333,-0.6833333333333333,"-0.6833333333379782,-0.7080170666666669"
0.6333333333333333,12,Human,0,0,0,15,-0.6333333333333333,-0.6333333333333333,"-0.6333333350861058,-0.6745941333333335"
0.65,13,Human,0,0,0,20,-0.65,-0.65,"-0.6500000010711602,-0.6786965333333336"
0.65,14,Human,0,0,0,25,-0.65,-0.65,"-0.6500000012362984,-0.6970429866666668"
0.65,15,Human,0,0,0,30,-0.65,-0.65,"-0.6500000014153106,0.0"
0.5,16,Human,0,0,0,5,-0.5,-0.5,"-0.5000000006397237,-0.5550613333333334"
0.65,17,Human,0,0,0,32,-0.65,-0.65,"-0.650000001606713,0.0"
0.55,18,Human,0,0,0,8,-0.55,-0.55,"-0.5500000002677353,-0.5666773333333335"
0.6833333333333333,19,Human,0,0,0,38,-0.6833333333333333,-0.6833333333333333,"-0.6833333339562592,-0.7729781333333335"
