travel_time,id,kind,action,origin,destination,start_time,reward,reward_right,cost_table
0.65,0,Human,0,0,0,12,-0.65,-0.65,"-0.6499892689953066,-0.6577813333333333"
0.65,1,Human,0,0,0,35,-0.65,-0.65,"-0.6501881938941597,0.0"
0.55,2,Human,0,0,0,7,-0.55,-0.55,"-0.5499816631454774,-0.5986133333333334"
0.7,3,Human,0,0,0,44,-0.7,-0.7,"-0.7000276703606543,0.0"
0.6333333333333333,4,Human,0,0,0,28,-0.6333333333333333,-0.6333333333333333,"-0.6335294853811813,0.0"
0.4666666666666667,5,Human,0,0,0,3,-0.4666666666666667,-0.4666666666666667,"-0.4666639385302771,0.0"
0.7333333333333333,6,Human,0,0,0,40,-0.7333333333333333,-0.7333333333333333,"-0.7332969354644125,-0.7666154666666668"
0.6833333333333333,7,Human,0,0,0,22,-0.6833333333333333,-0.6833333333333333,"-0.683465131144554,0.0"
0.6666666666666666,8,Human,0,0,0,49,-0.6666666666666666,-0.6666666666666666,"-0.6666537842376792,0.0"
0.6333333333333333,9,Human,0,0,0,18,-0.6333333333333333,-0.6333333333333333,"-0.6335475737835842,0.0"
0.5666666666666667,10,Human,0,0,0,10,-0.5666666666666667,-0.5666666666666667,"-0.5666565569955101,-0.5924213333333335"
0.6833333333333333,11,Human,0,0,0,50,-0.6833333333333333,-0.6833333333333333,"-0.6833338417946138,-0.7080170666666669"
0.6333333333333333,12,Human,0,0,0,15,-0.6333333333333333,-0.6333333333333333,"-0.6335252205952477,-0.6745941333333335"
0.65,13,Human,0,0,0,20,-0.65,-0.65,"-0.6501172667831591,-0.6786965333333336"
0.65,14,Human,0,0,0,25,-0.65,-0.65,"-0.6501353455338488,-0.6970429866666668"
0.65,15,Human,0,0,0,30,-0.65,-0.65,"-0.6501549431533223,0.0"
0.5,16,Human,0,0,0,5,-0.5,-0.5,"-0.5000700346696545,-0.5550613333333334"
0.65,17,Human,0,0,0,32,-0.65,-0.65,"-0.6501758972105449,0.0"
0.55,18,Human,0,0,0,8,-0.55,-0.55,"-0.5500293106951808,-0.5666773333333335"
0.6833333333333333,19,Human,0,0,0,38,-0.6833333333333333,-0.6833333333333333,"-0.6834015290098974,-0.7729781333333335"
