travel_time,id,kind,action,origin,destination,start_time,reward,reward_right,cost_table
0.65,0,Human,0,0,0,12,-0.65,-0.65,"-0.6042400734549336,0.0"
0.65,1,Human,0,0,0,35,-0.65,-0.65,"-0.5912317866666669,-0.6305706666666667"
0.55,2,Human,0,0,0,7,-0.55,-0.55,"-0.5039187788458668,0.0"
0.9833333333333333,3,Human,1,0,0,44,-0.9833333333333333,-0.9833333333333333,"-0.6715460266666667,-0.6575093333333335"
0.6333333333333333,4,Human,0,0,0,28,-0.6333333333333333,-0.6333333333333333,"-0.5780603733333334,-0.61416"
0.4666666666666667,5,Human,0,0,0,3,-0.4666666666666667,-0.4666666666666667,"-0.4345975775232001,0.0"
0.7333333333333333,6,Human,0,0,0,40,-0.7333333333333333,-0.7333333333333333,"-0.887180325956267,0.0"
0.6833333333333333,7,Human,0,0,0,22,-0.6833333333333333,-0.6833333333333333,"-0.7536408923477335,0.0"
0.95,8,Human,1,0,0,49,-0.95,-0.95,"-0.6525365333333334,-0.640304"
0.6333333333333333,9,Human,0,0,0,18,-0.6333333333333333,-0.6333333333333333,"-0.7214936570538669,0.0"
0.5666666666666667,10,Human,0,0,0,10,-0.5666666666666667,-0.5666666666666667,"-0.4715957760000001,-0.5018400000000001"
0.6833333333333333,11,Human,0,0,0,50,-0.6833333333333333,-0.6833333333333333,"-0.5957079466666668,-0.6293760000000002"
0.6333333333333333,12,Human,0,0,0,15,-0.6333333333333333,-0.6333333333333333,"-0.5687803733333334,-0.5762720000000001"
0.65,13,Human,0,0,0,20,-0.65,-0.65,"-0.5409480960000002,-0.5483733333333334"
0.65,14,Human,0,0,0,25,-0.65,-0.65,"-0.7566699227136002,0.0"
0.65,15,Human,0,0,0,30,-0.65,-0.65,"-0.58088512,-0.6305706666666667"
0.5,16,Human,0,0,0,5,-0.5,-0.5,"-0.465640261632,0.0"
0.65,17,Human,0,0,0,32,-0.65,-0.65,"-0.740116150340267,0.0"
0.55,18,Human,0,0,0,8,-0.55,-0.55,"-0.4577253120000001,-0.47232000000000013"
0.6833333333333333,19,Human,0,0,0,38,-0.6833333333333333,-0.6833333333333333,"-0.755822947601067,0.0"
