travel_time,id,kind,action,origin,destination,start_time,reward,reward_right
1.7833333333333334,17,Human,0,0,1,2408,-1.7833333333333334,-1.7833333333333334
2.0,18,Human,2,0,1,1206,-2.0,-2.0
4.016666666666667,19,Human,2,1,0,1009,-4.016666666666667,-4.016666666666667
4.366666666666666,20,Human,1,1,0,2240,-4.366666666666666,-4.366666666666666
3.95,21,Human,2,1,0,1778,-3.95,-3.95
2.9166666666666665,22,Human,2,1,1,2242,-2.9166666666666665,-2.9166666666666665
4.233333333333333,23,Human,2,1,0,1540,-4.233333333333333,-4.233333333333333
2.65,24,Human,0,1,1,3400,-2.65,-2.65
