travel_time,id,kind,action,origin,destination,start_time,reward,reward_right
1.7833333333333334,17,Human,0,0,1,2408,-1.7833333333333334,-1.7833333333333334
1.9833333333333334,18,Human,0,0,1,1206,-1.9833333333333334,-1.9833333333333334
4.233333333333333,19,Human,1,1,0,1009,-4.233333333333333,-4.233333333333333
4.166666666666667,20,Human,2,1,0,2240,-4.166666666666667,-4.166666666666667
4.183333333333334,21,Human,1,1,0,1778,-4.183333333333334,-4.183333333333334
2.9166666666666665,22,Human,2,1,1,2242,-2.9166666666666665,-2.9166666666666665
4.216666666666667,23,Human,2,1,0,1540,-4.216666666666667,-4.216666666666667
2.6666666666666665,24,Human,2,1,1,3400,-2.6666666666666665,-2.6666666666666665
