travel_time,id,kind,action,origin,destination,start_time,reward,reward_right
1.8,17,Human,2,0,1,2408,-1.8,-1.8
2.0,18,Human,1,0,1,1206,-2.0,-2.0
4.016666666666667,19,Human,2,1,0,1009,-4.016666666666667,-4.016666666666667
4.366666666666666,20,Human,1,1,0,2240,-4.366666666666666,-4.366666666666666
3.933333333333333,21,Human,2,1,0,1778,-3.933333333333333,-3.933333333333333
2.85,22,Human,0,1,1,2242,-2.85,-2.85
4.216666666666667,23,Human,2,1,0,1540,-4.216666666666667,-4.216666666666667
2.6666666666666665,24,Human,0,1,1,3400,-2.6666666666666665,-2.6666666666666665
