travel_time,id,kind,action,origin,destination,start_time,reward,reward_right
1.7833333333333334,17,Human,0,0,1,2408,-1.7833333333333334,-1.7833333333333334
2.0166666666666666,18,Human,2,0,1,1206,-2.0166666666666666,-2.0166666666666666
4.233333333333333,19,Human,1,1,0,1009,-4.233333333333333,-4.233333333333333
4.366666666666666,20,Human,1,1,0,2240,-4.366666666666666,-4.366666666666666
3.933333333333333,21,Human,2,1,0,1778,-3.933333333333333,-3.933333333333333
2.8333333333333335,22,Human,0,1,1,2242,-2.8333333333333335,-2.8333333333333335
4.466666666666667,23,Human,0,1,0,1540,-4.466666666666667,-4.466666666666667
2.683333333333333,24,Human,2,1,1,3400,-2.683333333333333,-2.683333333333333
