travel_time,id,kind,action,origin,destination,start_time,reward,reward_right,cost_table
1.1333333333333333,0,Human,1,0,0,27,-1.1333333333333333,-1.1333333333333333,"-0.6983040000000001,-0.7640960000000001"
1.05,1,Human,0,0,0,40,-1.05,-1.05,"-1.0566415438506667,0.0"
0.7333333333333333,2,Human,0,0,0,31,-0.7333333333333333,-0.7333333333333333,"-0.6500275200000001,-0.6869333333333335"
0.55,3,Human,0,0,0,3,-0.55,-0.55,"-0.4577253120000001,-0.4732"
0.8333333333333334,4,Human,0,0,0,37,-0.8333333333333334,-0.8333333333333334,"-0.7100232533333335,-0.7530666666666668"
1.15,5,Human,1,0,0,28,-1.15,-1.15,"-0.7016373333333334,-0.7753013333333333"
0.48333333333333334,6,Human,0,0,0,9,-0.48333333333333334,-0.48333333333333334,"-0.4022434560000001,-0.44200000000000006"
0.7833333333333333,7,Human,0,0,0,36,-0.7833333333333333,-0.7833333333333333,"-0.9340360250026667,0.0"
0.6,8,Human,0,0,0,22,-0.6,-0.6,"-0.4961111040000001,-0.5124000000000001"
0.5833333333333334,9,Human,0,0,0,25,-0.5833333333333334,-0.5833333333333334,"-0.6157920034133335,0.0"
1.05,10,Human,0,0,0,39,-1.05,-1.05,"-0.8132102400000001,-0.7713600000000002"
1.0166666666666666,11,Human,0,0,0,38,-1.0166666666666666,-1.0166666666666666,"-1.0385337415680003,0.0"
0.4666666666666667,12,Human,0,0,0,2,-0.4666666666666667,-0.4666666666666667,"-0.4265803052373334,0.0"
0.5,13,Human,0,0,0,18,-0.5,-0.5,"-0.4577493777066668,0.0"
0.6,14,Human,0,0,0,20,-0.6,-0.6,"-0.4961111040000001,-0.5178666666666667"
0.6833333333333333,15,Human,0,0,0,29,-0.6833333333333333,-0.6833333333333333,"-0.7775151025493336,0.0"
0.4666666666666667,16,Human,0,0,0,16,-0.4666666666666667,-0.4666666666666667,"-0.38837299200000003,-0.4284"
0.7666666666666667,17,Human,0,0,0,32,-0.7666666666666667,-0.7666666666666667,"-0.8794439700480002,0.0"
0.6166666666666667,18,Human,0,0,0,26,-0.6166666666666667,-0.6166666666666667,"-0.5599609600000002,-0.6028800000000001"
0.7,19,Human,0,0,0,30,-0.7,-0.7,"-0.6287227733333334,-0.6716266666666667"
