travel_time,id,kind,action,origin,destination,start_time,reward,reward_right,cost_table
0.8833333333333333,0,Human,0,0,0,27,-0.8833333333333333,-0.8833333333333333,"-0.7259135880533334,-0.7640960000000001"
1.15,1,Human,0,0,0,40,-1.15,-1.15,"-1.0555149677556535,0.0"
1.0333333333333334,2,Human,0,0,0,31,-1.0333333333333334,-1.0333333333333334,"-0.7741446055253335,-0.7728800000000002"
0.55,3,Human,0,0,0,3,-0.55,-0.55,"-0.5122042877952001,-0.5752266666666667"
1.0833333333333333,4,Human,0,0,0,37,-1.0833333333333333,-1.0833333333333333,"-0.832718857898667,-0.8524533333333335"
0.9,5,Human,0,0,0,28,-0.9,-0.9,"-0.7341791880533335,-0.7753013333333333"
0.8833333333333333,6,Human,1,0,0,9,-0.8833333333333333,-0.8833333333333333,"-0.45011891957760014,-0.5302666666666668"
1.05,7,Human,0,0,0,36,-1.05,-1.05,"-0.9419422580062076,0.0"
0.5833333333333334,8,Human,0,0,0,22,-0.5833333333333334,-0.5833333333333334,"-0.5519804415317334,-0.5932533333333334"
0.8666666666666667,9,Human,0,0,0,25,-0.8666666666666667,-0.8666666666666667,"-0.661729390345148,0.0"
1.1333333333333333,10,Human,0,0,0,39,-1.1333333333333333,-1.1333333333333333,"-0.9656969762133336,-0.9616704000000003"
1.1,11,Human,0,0,0,38,-1.1,-1.1,"-1.0202320697703358,0.0"
0.4666666666666667,12,Human,0,0,0,2,-0.4666666666666667,-0.4666666666666667,"-0.45353116775350283,0.0"
0.5,13,Human,0,0,0,18,-0.5,-0.5,"-0.48615531608692064,0.0"
0.5833333333333334,14,Human,0,0,0,20,-0.5833333333333334,-0.5833333333333334,"-0.5519804415317334,-0.6209600000000001"
1.0,15,Human,0,0,0,29,-1.0,-1.0,"-0.7909468154700325,0.0"
0.8666666666666667,16,Human,1,0,0,16,-0.8666666666666667,-0.8666666666666667,"-0.4345975775232001,-0.5160533333333334"
1.05,17,Human,0,0,0,32,-1.05,-1.05,"-0.9255682001053289,0.0"
1.0166666666666666,18,Human,1,0,0,26,-1.0166666666666666,-1.0166666666666666,"-0.6051733425493335,-0.6856373333333334"
1.0166666666666666,19,Human,0,0,0,30,-1.0166666666666666,-1.0166666666666666,"-0.7555781812906667,-0.7573013333333334"
