{"train/episode_reward_2": -1.8633333444595337, "trainer/step": 200, "_timestamp": 1721647921.136213, "_runtime": 130.40355896949768, "_step": 4870, "train/episode_reward_6": -3.183333396911621, "train/episode_reward_1": -4.0966668128967285, "train/episode_reward_5": -1.746666669845581, "train/q_values_2": 0.0, "train/q_loss_2": 2.311938524246216, "train/epsilon_2": 0.8200058937072754, "train/sampling_time": 8.949995994567871, "train/training_time": 0.03968930244445801, "train/q_values_6": -8.216336059570313, "train/q_loss_6": 0.7638184428215027, "train/epsilon_6": 0.8380053043365479, "train/q_values_1": -5.849298477172852, "train/q_loss_1": 0.870150089263916, "train/epsilon_1": 0.8380053043365479, "train/q_values_5": -8.639910888671874, "train/q_loss_5": 3.741438865661621, "train/epsilon_5": 0.8380053043365479}