travel_time,id,kind,action,origin,destination,start_time,reward,reward_right,cost_table
0.65,0,Human,0,0,0,12,-0.65,-0.65,"-0.6500036752762305,-1.0578766412786351"
0.65,1,Human,0,0,0,35,-0.65,-0.65,"-0.6782406392111611,-1.0486744646994277"
0.55,2,Human,0,0,0,7,-0.55,-0.55,"-0.545079702370484,-0.8972969153221975"
0.6833333333333333,3,Human,0,0,0,44,-0.6833333333333333,-0.6833333333333333,"-0.7036025378575149,-1.0836556061691525"
0.6333333333333333,4,Human,0,0,0,28,-0.6333333333333333,-0.6333333333333333,"-0.6479930976503205,-0.9965300553487705"
0.4666666666666667,5,Human,0,0,0,3,-0.4666666666666667,-0.4666666666666667,"-0.46666666666610557,-0.8524828695773184"
0.7166666666666667,6,Human,0,0,0,40,-0.7166666666666667,-0.7166666666666667,"-0.7357453804649303,-1.1234799998735703"
0.6833333333333333,7,Human,0,0,0,22,-0.6833333333333333,-0.6833333333333333,"-0.6820375887034937,-1.080686283792384"
0.65,8,Human,0,0,0,49,-0.65,-0.65,"-0.6686548511663392,-1.0491868328855471"
0.6333333333333333,9,Human,0,0,0,18,-0.6333333333333333,-0.6333333333333333,"-0.6352525563351282,-1.0264371275694082"
0.5666666666666667,10,Human,0,0,0,10,-0.5666666666666667,-0.5666666666666667,"-0.5666666692819228,-0.8997345226752004"
0.65,11,Human,0,0,0,50,-0.65,-0.65,"-0.6773900033875546,-1.0052484749388855"
0.6333333333333333,12,Human,0,0,0,15,-0.6333333333333333,-0.6333333333333333,"-0.6413398223322055,-0.9612168172860649"
0.65,13,Human,0,0,0,20,-0.65,-0.65,"-0.6526048901563353,-0.9923168997376002"
0.65,14,Human,0,0,0,25,-0.65,-0.65,"-0.6622021602861494,-0.9650172743079255"
0.65,15,Human,0,0,0,30,-0.65,-0.65,"-0.6539391322738585,-0.9999213192052738"
0.5,16,Human,0,0,0,5,-0.5,-0.5,"-0.5021845356983414,-0.8558202777600002"
0.65,17,Human,0,0,0,32,-0.65,-0.65,"-0.663719088667937,-1.0048210118894956"
0.55,18,Human,0,0,0,8,-0.55,-0.55,"-0.5510922702383538,-0.8921767849989464"
1.1,19,Human,1,0,0,38,-1.1,-1.1,"-0.7119517534743912,-1.0970512334247966"
