travel_time,id,kind,action,origin,destination,start_time,reward,reward_right,cost_table
0.65,0,Human,0,0,0,12,-0.65,-0.65,"-0.6500003157038243,-1.0578766412786351"
0.65,1,Human,0,0,0,35,-0.65,-0.65,"-0.6678049671032681,-1.0486744646994277"
0.55,2,Human,0,0,0,7,-0.55,-0.55,"-0.5490181091185596,-0.8972969153221975"
0.7,3,Human,0,0,0,44,-0.7,-0.7,"-0.7105771118376126,-1.0836556061691525"
0.6333333333333333,4,Human,0,0,0,28,-0.6333333333333333,-0.6333333333333333,"-0.6457774081661708,-0.9965300553487705"
0.4666666666666667,5,Human,0,0,0,3,-0.4666666666666667,-0.4666666666666667,"-0.4666666666666185,-0.8524828695773184"
0.7333333333333333,6,Human,0,0,0,40,-0.7333333333333333,-0.7333333333333333,"-0.7505740989524987,-1.133027199919085"
0.6833333333333333,7,Human,0,0,0,22,-0.6833333333333333,-0.6833333333333333,"-0.681900823957151,-1.080686283792384"
0.6666666666666666,8,Human,0,0,0,49,-0.6666666666666666,-0.6666666666666666,"-0.6750848501800902,-1.0491868328855471"
0.6333333333333333,9,Human,0,0,0,18,-0.6333333333333333,-0.6333333333333333,"-0.634931247200529,-1.0264371275694082"
0.5666666666666667,10,Human,0,0,0,10,-0.5666666666666667,-0.5666666666666667,"-0.5666666669474778,-0.9131209514734937"
0.6833333333333333,11,Human,0,0,0,50,-0.6833333333333333,-0.6833333333333333,"-0.7057502689437378,-1.0052484749388855"
0.6333333333333333,12,Human,0,0,0,15,-0.6333333333333333,-0.6333333333333333,"-0.6341930235434822,-0.9656401204955186"
0.65,13,Human,0,0,0,20,-0.65,-0.65,"-0.6502237583606227,-0.9923168997376002"
0.65,14,Human,0,0,0,25,-0.65,-0.65,"-0.6523367968969656,-0.974277722223739"
0.65,15,Human,0,0,0,30,-0.65,-0.65,"-0.6631456832406044,-1.0066037220308859"
0.5,16,Human,0,0,0,5,-0.5,-0.5,"-0.5001876501876266,-0.8558202777600002"
0.65,17,Human,0,0,0,32,-0.65,-0.65,"-0.6664677127289931,-1.0105234761782633"
0.55,18,Human,0,0,0,8,-0.55,-0.55,"-0.5500938252990426,-0.8921767849989464"
0.6833333333333333,19,Human,0,0,0,38,-0.6833333333333333,-0.6833333333333333,"-0.6970463526380476,-1.0970512334247966"
