travel_time,id,kind,action,origin,destination,start_time,reward,reward_right,cost_table
0.65,0,Human,0,0,0,12,-0.65,-0.65,"-0.6500000529663126,-1.0578766412786351"
0.65,1,Human,0,0,0,35,-0.65,-0.65,"-0.661976532456311,-1.0486744646994277"
0.55,2,Human,0,0,0,7,-0.55,-0.55,"-0.5461896025574206,-0.9045041989244247"
0.7,3,Human,0,0,0,44,-0.7,-0.7,"-0.6998159742328913,-1.0836556061691525"
0.6333333333333333,4,Human,0,0,0,28,-0.6333333333333333,-0.6333333333333333,"-0.6528185649757171,-1.0005573776123498"
0.4666666666666667,5,Human,0,0,0,3,-0.4666666666666667,-0.4666666666666667,"-0.4666666666666566,-0.8586529623285214"
0.7333333333333333,6,Human,0,0,0,40,-0.7333333333333333,-0.7333333333333333,"-0.7333934698213145,-1.133027199919085"
0.6833333333333333,7,Human,0,0,0,22,-0.6833333333333333,-0.6833333333333333,"-0.6862790034744044,-1.080686283792384"
0.6666666666666666,8,Human,0,0,0,49,-0.6666666666666666,-0.6666666666666666,"-0.6702812861646568,-1.0491868328855471"
0.6333333333333333,9,Human,0,0,0,18,-0.6333333333333333,-0.6333333333333333,"-0.641301898794327,-1.0264371275694082"
0.5666666666666667,10,Human,0,0,0,10,-0.5666666666666667,-0.5666666666666667,"-0.566666666725557,-0.9238300945121284"
0.6833333333333333,11,Human,0,0,0,50,-0.6833333333333333,-0.6833333333333333,"-0.6900620254682566,-1.0041987799511085"
0.6333333333333333,12,Human,0,0,0,15,-0.6333333333333333,-0.6333333333333333,"-0.6403042320834876,-0.9656401204955186"
0.65,13,Human,0,0,0,20,-0.65,-0.65,"-0.6550073537568132,-0.9923168997376002"
0.65,14,Human,0,0,0,25,-0.65,-0.65,"-0.6638924654628853,-0.974277722223739"
0.65,15,Human,0,0,0,30,-0.65,-0.65,"-0.6599353143386189,-1.0066037220308859"
0.5,16,Human,0,0,0,5,-0.5,-0.5,"-0.501429583810636,-0.8558202777600002"
0.65,17,Human,0,0,0,32,-0.65,-0.65,"-0.6633250424014694,-1.0105234761782633"
0.55,18,Human,0,0,0,8,-0.55,-0.55,"-0.5507147919397498,-0.8921767849989464"
0.6833333333333333,19,Human,0,0,0,38,-0.6833333333333333,-0.6833333333333333,"-0.6903198202022072,-1.0970512334247966"
