travel_time,id,kind,action,origin,destination,start_time,reward,reward_right,cost_table
0.65,0,Human,0,0,0,12,-0.65,-0.65,"-0.6505592405601905,-1.0578766412786351"
0.65,1,Human,0,0,0,35,-0.65,-0.65,"-0.657961602635349,-1.0522729050928756"
0.55,2,Human,0,0,0,7,-0.55,-0.55,"-0.5482791969514125,-0.9045041989244247"
0.7,3,Human,0,0,0,44,-0.7,-0.7,"-0.7146286160069628,-1.0836556061691525"
0.6333333333333333,4,Human,0,0,0,28,-0.6333333333333333,-0.6333333333333333,"-0.6390676032818746,-1.0063567216719038"
0.4666666666666667,5,Human,0,0,0,3,-0.4666666666666667,-0.4666666666666667,"-0.4666666666666666,-0.8635890365294838"
0.7333333333333333,6,Human,0,0,0,40,-0.7333333333333333,-0.7333333333333333,"-0.7484580159029302,-1.133027199919085"
0.6833333333333333,7,Human,0,0,0,22,-0.6833333333333333,-0.6833333333333333,"-0.6849829604144729,-1.080686283792384"
0.6666666666666666,8,Human,0,0,0,49,-0.6666666666666666,-0.6666666666666666,"-0.6798676732704919,-1.0491868328855471"
0.6333333333333333,9,Human,0,0,0,18,-0.6333333333333333,-0.6333333333333333,"-0.6343500106650467,-1.0264371275694082"
0.5666666666666667,10,Human,0,0,0,10,-0.5666666666666667,-0.5666666666666667,"-0.5666666666667134,-0.9325845938210956"
0.6833333333333333,11,Human,0,0,0,50,-0.6833333333333333,-0.6833333333333333,"-0.6861421674832692,-1.003359023960887"
0.6333333333333333,12,Human,0,0,0,15,-0.6333333333333333,-0.6333333333333333,"-0.6333458615913256,-0.9742744083603723"
0.65,13,Human,0,0,0,20,-0.65,-0.65,"-0.6521931697586035,-1.0130828158320642"
0.65,14,Human,0,0,0,25,-0.65,-0.65,"-0.6578626904925441,-0.9794221777789913"
0.65,15,Human,0,0,0,30,-0.65,-0.65,"-0.6520453775494182,-1.0188930487664338"
0.5,16,Human,0,0,0,5,-0.5,-0.5,"-0.5000011326329848,-0.8923916444330668"
0.65,17,Human,0,0,0,32,-0.65,-0.65,"-0.6582689589990512,-1.0105234761782633"
0.55,18,Human,0,0,0,8,-0.55,-0.55,"-0.5500004530532159,-0.8970747613324905"
0.6833333333333333,19,Human,0,0,0,38,-0.6833333333333333,-0.6833333333333333,"-0.6876473389521954,-1.0970512334247966"
