travel_time,id,kind,action,origin,destination,start_time,reward,reward_right,cost_table
1.1,0,Human,1,0,0,12,-1.1,-1.1,"-0.6501172812459286,-1.0663013130229082"
0.75,1,Human,0,0,0,35,-0.75,-0.75,"-0.6713357352711943,-1.0522729050928756"
0.55,2,Human,0,0,0,7,-0.55,-0.55,"-0.5497112971556041,-0.9045041989244247"
0.7,3,Human,0,0,0,44,-0.7,-0.7,"-0.6996553411719656,-1.0836556061691525"
0.65,4,Human,0,0,0,28,-0.65,-0.65,"-0.6376287175219567,-1.0063567216719038"
0.4666666666666667,5,Human,0,0,0,3,-0.4666666666666667,-0.4666666666666667,"-0.4666666666666666,-0.8635890365294838"
0.7333333333333333,6,Human,0,0,0,40,-0.7333333333333333,-0.7333333333333333,"-0.7347985424966861,-1.1430884266019348"
0.6666666666666666,7,Human,0,0,0,22,-0.6666666666666666,-0.6666666666666666,"-0.6802767614985975,-1.080686283792384"
0.6666666666666666,8,Human,0,0,0,49,-0.6666666666666666,-0.6666666666666666,"-0.6677284517401225,-1.0560161329751043"
0.6333333333333333,9,Human,0,0,0,18,-0.6333333333333333,-0.6333333333333333,"-0.6335039034852982,-1.0264371275694082"
0.5666666666666667,10,Human,0,0,0,10,-0.5666666666666667,-0.5666666666666667,"-0.5666666666666744,-0.9325845938210956"
0.6666666666666666,11,Human,0,0,0,50,-0.6666666666666666,-0.6666666666666666,"-0.6834067108390833,-1.003359023960887"
0.6166666666666667,12,Human,0,0,0,15,-0.6166666666666667,-0.6166666666666667,"-0.6300021018929045,-0.9742744083603723"
0.65,13,Human,0,0,0,20,-0.65,-0.65,"-0.6503679528276477,-1.0130828158320642"
0.6666666666666666,14,Human,0,0,0,25,-0.6666666666666666,-0.6666666666666666,"-0.6563591405673457,-0.9794221777789913"
0.65,15,Human,0,0,0,30,-0.65,-0.65,"-0.6504289467618519,-1.0217811056798138"
0.5,16,Human,0,0,0,5,-0.5,-0.5,"-0.5000001900242824,-0.8923916444330668"
0.65,17,Human,0,0,0,32,-0.65,-0.65,"-0.6513873011122224,-1.0105234761782633"
0.55,18,Human,0,0,0,8,-0.55,-0.55,"-0.5500000760097168,-0.8970747613324905"
0.7333333333333333,19,Human,0,0,0,38,-0.7333333333333333,-0.7333333333333333,"-0.6940571033742622,-1.0970512334247966"
