travel_time,id,kind,action,origin,destination,start_time,reward,reward_right,cost_table
0.65,0,Human,0,0,0,12,-0.65,-0.65,"-0.6417395507735849,-0.8278314666666668"
0.65,1,Human,0,0,0,35,-0.65,-0.65,"-0.7811529081241602,-0.9864924654933336"
0.55,2,Human,0,0,0,7,-0.55,-0.55,"-0.52966196021198,-0.7360669866666668"
1.1333333333333333,3,Human,1,0,0,44,-1.1333333333333333,-1.1333333333333333,"-0.9547785842688002,-1.072809670519467"
0.6333333333333333,4,Human,0,0,0,28,-0.6333333333333333,-0.6333333333333333,"-0.7689499113801649,-0.8799577173333336"
0.4666666666666667,5,Human,0,0,0,3,-0.4666666666666667,-0.4666666666666667,"-0.4612863663118348,-0.596016"
0.7166666666666667,6,Human,0,0,0,40,-0.7166666666666667,-0.7166666666666667,"-0.8884268160204802,-1.0940364580864004"
0.6833333333333333,7,Human,0,0,0,22,-0.6833333333333333,-0.6833333333333333,"-0.74210764169275,-0.9466650026666669"
0.65,8,Human,0,0,0,49,-0.65,-0.65,"-0.8349232476842668,-1.0433517442389335"
0.6333333333333333,9,Human,0,0,0,18,-0.6333333333333333,-0.6333333333333333,"-0.6427683378655485,-0.8534790400000001"
0.5666666666666667,10,Human,0,0,0,10,-0.5666666666666667,-0.5666666666666667,"-0.5619134726757017,-0.7113408000000002"
1.05,11,Human,0,0,0,50,-1.05,-1.05,"-0.9128400618100057,-0.9936658005333336"
0.6333333333333333,12,Human,0,0,0,15,-0.6333333333333333,-0.6333333333333333,"-0.6283564725393409,-0.7300298666666667"
0.65,13,Human,0,0,0,20,-0.65,-0.65,"-0.6703011588428051,-0.9219731114666669"
0.65,14,Human,0,0,0,25,-0.65,-0.65,"-0.7799200263279961,-0.9252700381866669"
0.65,15,Human,0,0,0,30,-0.65,-0.65,"-0.7817627499507441,-0.9100432810666669"
0.5,16,Human,0,0,0,5,-0.5,-0.5,"-0.4947533018903959,-0.7501698133333334"
1.0166666666666666,17,Human,1,0,0,32,-1.0166666666666666,-1.0166666666666666,"-0.8771475352234668,-0.9573542208170669"
0.55,18,Human,0,0,0,8,-0.55,-0.55,"-0.5428890533915658,-0.7436407466666668"
1.1,19,Human,1,0,0,38,-1.1,-1.1,"-0.9199583355535362,-1.0236787650560002"
