travel_time,id,kind,action,origin,destination,start_time,reward,reward_right,cost_table
0.65,0,Human,0,0,0,12,-0.65,-0.65,"-0.643391640618868,-0.9351454720000003"
1.0333333333333334,1,Human,0,0,0,35,-1.0333333333333334,-1.0333333333333334,"-0.8879378611994626,-1.0058606390613336"
0.5333333333333333,2,Human,0,0,0,7,-0.5333333333333333,-0.5333333333333333,"-0.5283169878690006,-0.7755202560000001"
0.95,3,Human,0,0,0,44,-0.95,-0.95,"-0.9903916272653654,-1.081581069748907"
1.0166666666666666,4,Human,1,0,0,28,-1.0166666666666666,-1.0166666666666666,"-0.7467946099499723,-0.9072995072000003"
0.4666666666666667,5,Human,0,0,0,3,-0.4666666666666667,-0.4666666666666667,"-0.46391195288499276,-0.596016"
1.1666666666666667,6,Human,1,0,0,40,-1.1666666666666667,-1.1666666666666667,"-1.0165931622531075,-1.1085624998024537"
0.6833333333333333,7,Human,0,0,0,22,-0.6833333333333333,-0.6833333333333333,"-0.7326257792133548,-0.9466650026666669"
0.9,8,Human,0,0,0,49,-0.9,-0.9,"-0.9338807028143448,-1.0433517442389335"
0.6333333333333333,9,Human,0,0,0,18,-0.6333333333333333,-0.6333333333333333,"-0.6402973889871609,-0.8534790400000001"
0.9666666666666667,10,Human,1,0,0,10,-0.9666666666666667,-0.9666666666666667,"-0.563624622512449,-0.7624059733333336"
1.0166666666666666,11,Human,1,0,0,50,-1.0166666666666666,-1.0166666666666666,"-0.9602720494480046,-0.9966127790080004"
0.9666666666666667,12,Human,1,0,0,15,-0.9666666666666667,-0.9666666666666667,"-0.6294814757585117,-0.7773572266666667"
0.6333333333333333,13,Human,0,0,0,20,-0.6333333333333333,-0.6333333333333333,"-0.6597275266608496,-0.9219731114666669"
0.65,14,Human,0,0,0,25,-0.65,-0.65,"-0.7378523868132674,-0.9252700381866669"
1.0333333333333334,15,Human,0,0,0,30,-1.0333333333333334,-1.0333333333333334,"-0.818994826635143,-0.931367958186667"
0.5,16,Human,0,0,0,5,-0.5,-0.5,"-0.5026470239012161,-0.7501698133333334"
1.0333333333333334,17,Human,0,0,0,32,-1.0333333333333334,-1.0333333333333334,"-1.018966204701082,-0.9573542208170669"
0.55,18,Human,0,0,0,8,-0.55,-0.55,"-0.5481156608372688,-0.7815792640000001"
1.0166666666666666,19,Human,0,0,0,38,-1.0166666666666666,-1.0166666666666666,"-0.9734400014209299,-1.0422763453781336"
