travel_time,id,kind,action,origin,destination,start_time,reward,reward_right,cost_table
0.6333333333333333,0,Human,0,0,0,12,-0.6333333333333333,-0.6333333333333333,"-0.647110380672797,-0.9351454720000003"
0.65,1,Human,0,0,0,35,-0.65,-0.65,"-0.6814365333173104,-1.025084142332587"
0.55,2,Human,0,0,0,7,-0.55,-0.55,"-0.5394760249380514,-0.8070828714666668"
0.75,3,Human,0,0,0,44,-0.75,-0.75,"-0.7708287768867578,-1.0836556061691525"
0.65,4,Human,0,0,0,28,-0.65,-0.65,"-0.6793774273690274,-0.9466716846080003"
0.4666666666666667,5,Human,0,0,0,3,-0.4666666666666667,-0.4666666666666667,"-0.4664773641770326,-0.69945024"
0.8,6,Human,0,0,0,40,-0.8,-0.8,"-0.7740877428072236,-1.116849999841963"
0.6833333333333333,7,Human,0,0,0,22,-0.6833333333333333,-0.6833333333333333,"-0.6935472295732462,-1.0131989350400001"
0.7166666666666667,8,Human,0,0,0,49,-0.7166666666666667,-0.7166666666666667,"-0.7615692216457289,-1.0487294263836673"
1.0833333333333333,9,Human,1,0,0,18,-1.0833333333333333,-1.0833333333333333,"-0.6441500289669478,-0.9629812684800002"
0.5666666666666667,10,Human,0,0,0,10,-0.5666666666666667,-0.5666666666666667,"-0.566457618984181,-0.8359398229333337"
0.9833333333333333,11,Human,1,0,0,50,-0.9833333333333333,-0.9833333333333333,"-0.7794233375388151,-1.0123674087586751"
0.6166666666666667,12,Human,0,0,0,15,-0.6166666666666667,-0.6166666666666667,"-0.6436085827970641,-0.818552448"
0.6666666666666666,13,Human,0,0,0,20,-0.6666666666666666,-0.6666666666666666,"-0.6563800828016554,-0.9442451558400002"
0.6666666666666666,14,Human,0,0,0,25,-0.6666666666666666,-0.6666666666666666,"-0.6762982175091866,-0.9368826972160001"
0.65,15,Human,0,0,0,30,-0.65,-0.65,"-0.6741835825321534,-0.9517610332160003"
0.5,16,Human,0,0,0,5,-0.5,-0.5,"-0.5043830840090023,-0.7501698133333334"
0.65,17,Human,0,0,0,32,-0.65,-0.65,"-0.7168099420563432,-1.0029056221800041"
0.55,18,Human,0,0,0,8,-0.55,-0.55,"-0.5520297406923286,-0.8085967445333335"
0.7833333333333333,19,Human,0,0,0,38,-0.7833333333333333,-0.7833333333333333,"-0.7551885663034168,-1.0571544096358403"
