travel_time,id,kind,action,origin,destination,start_time,reward,reward_right,cost_table
0.6666666666666666,0,Human,0,0,0,12,-0.6666666666666666,-0.6666666666666666,"-0.6535641325267763,-0.9351454720000003"
0.7,1,Human,0,0,0,35,-0.7,-0.7,"-0.6861549263448423,-1.025084142332587"
0.5166666666666667,2,Human,0,0,0,7,-0.5166666666666667,-0.5166666666666667,"-0.5341526447917571,-0.8070828714666668"
0.6833333333333333,3,Human,0,0,0,44,-0.6833333333333333,-0.6833333333333333,"-0.7036935972073749,-1.0836556061691525"
0.7166666666666667,4,Human,0,0,0,28,-0.7166666666666667,-0.7166666666666667,"-0.6706099748492368,-0.9466716846080003"
0.4666666666666667,5,Human,0,0,0,3,-0.4666666666666667,-0.4666666666666667,"-0.46666000617743414,-0.7891851895466667"
0.7166666666666667,6,Human,0,0,0,40,-0.7166666666666667,-0.7166666666666667,"-0.736485158901212,-1.116849999841963"
0.75,7,Human,0,0,0,22,-0.75,-0.75,"-0.7078073479132941,-1.0131989350400001"
0.6333333333333333,8,Human,0,0,0,49,-0.6333333333333333,-0.6333333333333333,"-0.6625906538378091,-1.0487294263836673"
0.65,9,Human,0,0,0,18,-0.65,-0.65,"-0.6556911676976949,-0.9870516814506669"
0.5666666666666667,10,Human,0,0,0,10,-0.5666666666666667,-0.5666666666666667,"-0.566662900798407,-0.8359398229333337"
0.65,11,Human,0,0,0,50,-0.65,-0.65,"-0.6792787116880502,-1.0123674087586751"
0.65,12,Human,0,0,0,15,-0.65,-0.65,"-0.6542404754500675,-0.8989655200426667"
0.65,13,Human,0,0,0,20,-0.65,-0.65,"-0.6592370747189044,-0.9653961246720002"
0.7333333333333333,14,Human,0,0,0,25,-0.7333333333333333,-0.7333333333333333,"-0.6882938309507114,-0.9495061577728001"
0.7166666666666667,15,Human,0,0,0,30,-0.7166666666666667,-0.7166666666666667,"-0.676057078159148,-0.9517610332160003"
0.5,16,Human,0,0,0,5,-0.5,-0.5,"-0.5000986982775485,-0.7934691840000001"
0.7166666666666667,17,Human,0,0,0,32,-0.7166666666666667,-0.7166666666666667,"-0.6929968937798096,-1.0029056221800041"
0.9166666666666666,18,Human,1,0,0,8,-0.9166666666666666,-0.9166666666666666,"-0.5500571321214103,-0.8475019165013336"
0.7166666666666667,19,Human,0,0,0,38,-0.7166666666666667,-0.7166666666666667,"-0.7023079010601792,-1.0571544096358403"
