travel_time,id,kind,action,origin,destination,start_time,reward,reward_right,cost_table
0.65,0,Human,0,0,0,12,-0.65,-0.65,"-0.6503858171286985,-0.9714497109333337"
1.0833333333333333,1,Human,1,0,0,35,-1.0833333333333333,-1.0833333333333333,"-0.7431537026427604,-1.0367339805327362"
0.55,2,Human,0,0,0,7,-0.55,-0.55,"-0.5443306043663836,-0.8882878108194134"
0.6833333333333333,3,Human,0,0,0,44,-0.6833333333333333,-0.6833333333333333,"-0.7421099411424077,-1.0836556061691525"
1.1,4,Human,1,0,0,28,-1.1,-1.1,"-0.6676713099914124,-0.9773373476864002"
0.4666666666666667,5,Human,0,0,0,3,-0.4666666666666667,-0.4666666666666667,"-0.46666643232153526,-0.7891851895466667"
1.15,6,Human,1,0,0,40,-1.15,-1.15,"-0.7848847764002483,-1.1234799998735703"
1.1666666666666667,7,Human,1,0,0,22,-1.1666666666666667,-1.1666666666666667,"-0.7109866238765582,-1.0604473184256"
1.0333333333333334,8,Human,0,0,0,49,-1.0333333333333334,-1.0333333333333334,"-0.7862847318378018,-1.048983541106934"
0.6333333333333333,9,Human,0,0,0,18,-0.6333333333333333,-0.6333333333333333,"-0.6364665552288872,-0.9996413451605335"
0.5666666666666667,10,Human,0,0,0,10,-0.5666666666666667,-0.5666666666666667,"-0.5683732008336233,-0.8359398229333337"
1.0333333333333334,11,Human,0,0,0,50,-1.0333333333333334,-1.0333333333333334,"-0.7759690873607087,-1.0065605936736068"
0.6333333333333333,12,Human,0,0,0,15,-0.6333333333333333,-0.6333333333333333,"-0.6343423801127793,-0.9293379328273067"
0.65,13,Human,0,0,0,20,-0.65,-0.65,"-0.6486995841757363,-0.9923168997376002"
0.65,14,Human,0,0,0,25,-0.65,-0.65,"-0.6830610834866025,-0.9562715928849068"
0.6666666666666666,15,Human,0,0,0,30,-0.6666666666666666,-0.6666666666666666,"-0.7326324937368262,-0.9811270612582402"
0.5,16,Human,0,0,0,5,-0.5,-0.5,"-0.502411312051619,-0.8281086805333335"
0.65,17,Human,0,0,0,32,-0.65,-0.65,"-0.6892579732583822,-1.0023244977440033"
0.55,18,Human,0,0,0,8,-0.55,-0.55,"-0.5529132931659907,-0.8784012265608535"
0.6833333333333333,19,Human,0,0,0,38,-0.6833333333333333,-0.6833333333333333,"-0.7465842632005213,-1.0690568610420057"
