travel_time,id,kind,action,origin,destination,start_time,reward,reward_right,cost_table
0.65,0,Human,0,0,0,12,-0.65,-0.65,"-0.6503086537029588,-0.9714497109333337"
0.6833333333333333,1,Human,0,0,0,35,-0.6833333333333333,-0.6833333333333333,"-0.731189628780875,-1.0367339805327362"
0.5166666666666667,2,Human,0,0,0,7,-0.5166666666666667,-0.5166666666666667,"-0.5387978168264402,-0.8882878108194134"
0.6833333333333333,3,Human,0,0,0,44,-0.6833333333333333,-0.6833333333333333,"-0.7303546195805929,-1.0836556061691525"
1.0166666666666666,4,Human,1,0,0,28,-1.0166666666666666,-1.0166666666666666,"-0.6676713099914124,-0.9852032114824536"
0.8833333333333333,5,Human,1,0,0,3,-0.8833333333333333,-0.8833333333333333,"-0.46666643232153526,-0.808014818304"
0.7166666666666667,6,Human,0,0,0,40,-0.7166666666666667,-0.7166666666666667,"-0.771241154453532,-1.1234799998735703"
0.7333333333333333,7,Human,0,0,0,22,-0.7333333333333333,-0.7333333333333333,"-0.7154559657679131,-1.0604473184256"
0.7,8,Human,0,0,0,49,-0.7,-0.7,"-0.7690277854702415,-1.048983541106934"
0.7166666666666667,9,Human,0,0,0,18,-0.7166666666666667,-0.7166666666666667,"-0.652506577516443,-0.9996413451605335"
0.5666666666666667,10,Human,0,0,0,10,-0.5666666666666667,-0.5666666666666667,"-0.568031894000232,-0.8359398229333337"
0.7166666666666667,11,Human,0,0,0,50,-0.7166666666666667,-0.7166666666666667,"-0.7641086032219003,-1.0065605936736068"
0.7166666666666667,12,Human,0,0,0,15,-0.7166666666666667,-0.7166666666666667,"-0.6508072374235568,-0.9293379328273067"
0.7166666666666667,13,Human,0,0,0,20,-0.7166666666666667,-0.7166666666666667,"-0.6622930006739224,-0.9923168997376002"
0.7166666666666667,14,Human,0,0,0,25,-0.7166666666666667,-0.7166666666666667,"-0.6897822001226154,-0.9562715928849068"
0.65,15,Human,0,0,0,30,-0.65,-0.65,"-0.7161059949894609,-0.9811270612582402"
0.5,16,Human,0,0,0,5,-0.5,-0.5,"-0.5019290496412953,-0.8281086805333335"
0.6666666666666666,17,Human,0,0,0,32,-0.6666666666666666,-0.6666666666666666,"-0.6847397119400391,-1.0023244977440033"
0.55,18,Human,0,0,0,8,-0.55,-0.55,"-0.5523306345327926,-0.8784012265608535"
1.1166666666666667,19,Human,1,0,0,38,-1.1166666666666667,-1.1166666666666667,"-0.7465842632005213,-1.078578822166938"
