travel_time,id,kind,action,origin,destination,start_time,reward,reward_right,cost_table
0.65,0,Human,0,0,0,12,-0.65,-0.65,"-0.31720000000000004,-0.402"
0.7833333333333333,1,Human,0,0,0,35,-0.7833333333333333,-0.7833333333333333,"-0.5965813333333334,0.0"
0.55,2,Human,0,0,0,7,-0.55,-0.55,"-0.36273600000000006,0.0"
0.7666666666666667,3,Human,0,0,0,44,-0.7666666666666667,-0.7666666666666667,"-0.3549333333333333,-0.424"
0.75,4,Human,0,0,0,28,-0.75,-0.75,"-0.5907893333333334,0.0"
0.8833333333333333,5,Human,1,0,0,3,-0.8833333333333333,-0.8833333333333333,"-0.22773333333333334,-0.32066666666666666"
0.8,6,Human,0,0,0,40,-0.8,-0.8,"-0.3712000000000001,-0.42933333333333334"
0.8,7,Human,0,0,0,22,-0.8,-0.8,"-0.3568000000000001,-0.41466666666666674"
0.7333333333333333,8,Human,0,0,0,49,-0.7333333333333333,-0.7333333333333333,"-0.5988266666666668,0.0"
0.7833333333333333,9,Human,0,0,0,18,-0.7833333333333333,-0.7833333333333333,"-0.33906666666666674,-0.4053333333333334"
0.5666666666666667,10,Human,0,0,0,10,-0.5666666666666667,-0.5666666666666667,"-0.27653333333333335,-0.354"
0.75,11,Human,0,0,0,50,-0.75,-0.75,"-0.3468000000000001,-0.3966666666666667"
0.6166666666666667,12,Human,0,0,0,15,-0.6166666666666667,-0.6166666666666667,"-0.3057333333333334,-0.39333333333333337"
0.7833333333333333,13,Human,0,0,0,20,-0.7833333333333333,-0.7833333333333333,"-0.5294880000000001,0.0"
0.7833333333333333,14,Human,0,0,0,25,-0.7833333333333333,-0.7833333333333333,"-0.6070346666666667,0.0"
0.7666666666666667,15,Human,0,0,0,30,-0.7666666666666667,-0.7666666666666667,"-0.34053333333333335,-0.3786666666666667"
0.95,16,Human,1,0,0,5,-0.95,-0.95,"-0.24400000000000002,-0.3446666666666667"
0.7666666666666667,17,Human,0,0,0,32,-0.7666666666666667,-0.7666666666666667,"-0.5888746666666668,0.0"
0.55,18,Human,0,0,0,8,-0.55,-0.55,"-0.2684000000000001,-0.342"
0.7666666666666667,19,Human,0,0,0,38,-0.7666666666666667,-0.7666666666666667,"-0.616352,0.0"
