travel_time,id,kind,action,origin,destination,start_time,reward,reward_right,cost_table
0.65,0,Human,0,0,0,12,-0.65,-0.65,"-0.6499999813698327,-0.6652800000000001"
0.65,1,Human,0,0,0,35,-0.65,-0.65,"-0.6500000292605159,0.0"
0.55,2,Human,0,0,0,7,-0.55,-0.55,"-0.549999987365047,0.0"
0.7,3,Human,0,0,0,44,-0.7,-0.7,"-0.6999999944208211,-0.7674880000000002"
0.6333333333333333,4,Human,0,0,0,28,-0.6333333333333333,-0.6333333333333333,"-0.6333333692001888,0.0"
0.4666666666666667,5,Human,0,0,0,3,-0.4666666666666667,-0.4666666666666667,"-0.4666666537834069,-0.5232266666666667"
0.7333333333333333,6,Human,0,0,0,40,-0.7333333333333333,-0.7333333333333333,"-0.7333333320192872,-0.7788853333333333"
0.6833333333333333,7,Human,0,0,0,22,-0.6833333333333333,-0.6833333333333333,"-0.6833333493925359,-0.7736426666666668"
0.6666666666666666,8,Human,0,0,0,49,-0.6666666666666666,-0.6666666666666666,"-0.666666711384727,0.0"
0.6333333333333333,9,Human,0,0,0,18,-0.6333333333333333,-0.6333333333333333,"-0.6333333256475565,-0.6547466666666668"
0.5666666666666667,10,Human,0,0,0,10,-0.5666666666666667,-0.5666666666666667,"-0.5666666510227083,-0.5772266666666668"
0.6833333333333333,11,Human,0,0,0,50,-0.6833333333333333,-0.6833333333333333,"-0.6833333442380599,-0.7523413333333335"
0.6333333333333333,12,Human,0,0,0,15,-0.6333333333333333,-0.6333333333333333,"-0.6333333196541902,-0.6510666666666668"
0.65,13,Human,0,0,0,20,-0.65,-0.65,"-0.6500000012045651,0.0"
0.65,14,Human,0,0,0,25,-0.65,-0.65,"-0.6500000333013667,0.0"
0.65,15,Human,0,0,0,30,-0.65,-0.65,"-0.6500000112559163,-0.7090773333333334"
0.5,16,Human,0,0,0,5,-0.5,-0.5,"-0.49999998619650743,-0.56592"
0.65,17,Human,0,0,0,32,-0.65,-0.65,"-0.6500000296099873,0.0"
0.55,18,Human,0,0,0,8,-0.55,-0.55,"-0.5499999848161582,-0.56088"
0.6833333333333333,19,Human,0,0,0,38,-0.6833333333333333,-0.6833333333333333,"-0.6833333576777305,0.0"
