{"train/episode_reward_2": -3.183333396911621, "trainer/step": 800, "_timestamp": 1721648713.6261938, "_runtime": 562.1607828140259, "_step": 21599, "train/episode_reward_6": -3.883333206176758, "train/episode_reward_3": -2.2933335304260254, "train/episode_reward_4": -1.7366666793823242, "train/q_values_2": 0.0, "train/q_loss_2": 1.9101011753082275, "train/epsilon_2": 0.2800162732601166, "train/sampling_time": 11.735395669937134, "train/training_time": 2.408299446105957, "train/q_values_6": -180.70439453125, "train/q_loss_6": 0.47514960169792175, "train/epsilon_6": 0.2800162732601166, "train/q_values_3": 0.0, "train/q_loss_3": 3.2640771865844727, "train/epsilon_3": 0.2800162732601166, "train/q_values_4": -59.97093505859375, "train/q_loss_4": 0.8611061573028564, "train/epsilon_4": 0.2800162732601166}