{"train/episode_reward": -1.8666666746139526, "trainer/step": 2, "_timestamp": 1721385258.8960624, "_runtime": 36.668612480163574, "_step": 0}