{"9": [-0.7695833444595337, -0.7962499856948853, -0.877083420753479, -0.8579167127609253, -0.8204167485237122, -0.9229167103767395, -0.8574999570846558, -0.9216667413711548, -0.8529165983200073, -0.8970832824707031], "13": [-0.8883333206176758, -0.8887499570846558, -0.8629167675971985, -0.8070833086967468, -0.9104166030883789, -0.9087499380111694, -0.9174998998641968, -0.8858333826065063, -0.9025000333786011, -0.93791663646698], "1": [-0.9016667604446411, -0.8683332204818726, -0.8420834541320801, -0.8579166531562805, -0.8983333706855774, -0.9070833325386047, -0.8670833706855774, -0.8774999380111694, -0.8462499380111694, -0.9341666102409363], "6": [-1.0162498950958252, -0.9891666173934937, -0.9750000238418579, -0.9775000810623169, -1.040000081062317, -1.0137500762939453, -1.0012500286102295, -1.0562498569488525, -1.0183333158493042, -1.0316665172576904], "11": [-0.8941666483879089, -0.9108333587646484, -0.9029167294502258, -0.8891666531562805, -0.8641666173934937, -0.9291667938232422, -0.8912500143051147, -0.9454166293144226, -0.8337499499320984, -0.8929166793823242]}