{"0": [-0.8083333969116211, -0.7850000262260437, -0.8516666293144226, -0.7625000476837158, -0.7633333802223206, -0.9750000834465027, -0.9416667819023132, -0.8100000619888306, -0.8774999380111694, -0.8091667294502258, -0.8300000429153442, -0.7583333253860474, -0.925000011920929, -0.8950001001358032, -0.8066667318344116, -0.8524999618530273, -0.8533333539962769, -0.92249995470047, -0.8291667103767395, -0.8816665410995483], "7": [-0.8916667103767395, -0.9116666913032532, -0.7833333015441895, -0.9399999380111694, -0.8633334040641785, -0.8633333444595337, -0.8966667056083679, -0.9750000834465027, -0.8850000500679016, -0.9099999666213989, -0.8866666555404663, -0.9599999189376831, -0.8908333778381348, -0.9108333587646484, -1.0049999952316284, -0.9108333587646484, -0.9416667222976685, -0.9149999618530273, -0.9800000190734863, -0.9366666674613953], "14": [-0.8016666173934937, -0.8808333277702332, -0.8258332014083862, -0.8700000643730164, -0.862500011920929, -0.92249995470047, -0.9233332872390747, -0.9366666674613953, -0.8550000190734863, -0.8383333086967468, -0.8125, -0.7558333277702332, -0.9008333086967468, -0.7608333826065063, -0.9325000047683716, -0.78166663646698, -0.89000004529953, -0.84333336353302, -0.7825000286102295, -0.8358333706855774], "1": [-0.872499942779541, -0.8766667246818542, -0.8966667056083679, -0.9191667437553406, -0.8908333778381348, -0.9450000524520874, -0.9350000619888306, -0.9441666603088379, -0.9291666150093079, -0.9408333897590637, -0.9791666865348816, -0.9191667437553406, -0.9391666650772095, -0.9291666150093079, -0.9175000190734863, -0.8925000429153442, -0.8891666531562805, -0.9675000309944153, -0.8783332705497742, -0.8858333826065063], "6": [-0.9566666483879089, -1.006666660308838, -0.9458333253860474, -0.9533332586288452, -0.8658334016799927, -1.0449999570846558, -0.9566667675971985, -0.9591666460037231, -0.8974999189376831, -0.9333332777023315, -0.9983333349227905, -0.9225000143051147, -1.0750000476837158, -0.9649999737739563, -0.9408333897590637, -0.9133332967758179, -1.0399999618530273, -1.0, -1.0149998664855957, -0.9716666340827942]}