{"9": [-0.7695833444595337, -0.7208333611488342, -0.7420833706855774, -0.6804165840148926, -0.6358333826065063, -0.6354166269302368, -0.6587499380111694, -0.6470832824707031, -0.6575000882148743, -0.6766666769981384], "7": [-0.6379166841506958, -0.7583333253860474, -0.7674999833106995, -0.6854166388511658, -0.7066666483879089, -0.6787500381469727, -0.7054166793823242, -0.6670833230018616, -0.6754166483879089, -0.6645833253860474], "1": [-0.7433333396911621, -0.7216666340827942, -0.777916669845581, -0.7995833158493042, -0.7945834398269653, -0.7658333778381348, -0.7445833086967468, -0.7745833396911621, -0.7433333396911621, -0.7116667032241821], "3": [-0.7829167246818542, -0.7870833277702332, -0.778333306312561, -0.7841666340827942, -0.7866666913032532, -0.7433333992958069, -0.7662500143051147, -0.78166663646698, -0.75083327293396, -0.7383332848548889], "8": [-0.814583420753479, -0.8016666173934937, -0.7695833444595337, -0.8199999928474426, -0.8087499737739563, -0.8237500190734863, -0.8008333444595337, -0.7691666483879089, -0.784166693687439, -0.7829166650772095]}