travel_time,id,kind,action,origin,destination,start_time,reward,reward_right,cost_table
0.65,0,Human,0,0,0,12,-0.65,-0.65,"-0.6818734377506135,-0.7035854933333334"
0.7166666666666667,1,Human,0,0,0,35,-0.7166666666666667,-0.7166666666666667,"-0.8738801030908595,0.0"
0.55,2,Human,0,0,0,7,-0.55,-0.55,"-0.5175730219062614,-0.5424768000000001"
0.8833333333333333,3,Human,1,0,0,44,-0.8833333333333333,-0.8833333333333333,"-0.7879092189866669,-0.7868151825066668"
0.6333333333333333,4,Human,0,0,0,28,-0.6333333333333333,-0.6333333333333333,"-0.6603177671338669,-0.6958485333333335"
0.4666666666666667,5,Human,0,0,0,3,-0.4666666666666667,-0.4666666666666667,"-0.4502472930252118,-0.47062400000000004"
0.75,6,Human,0,0,0,40,-0.75,-0.75,"-0.8965717864309225,0.0"
0.6666666666666666,7,Human,0,0,0,22,-0.6666666666666666,-0.6666666666666666,"-0.846100744323211,0.0"
0.65,8,Human,0,0,0,49,-0.65,-0.65,"-0.842002712812088,0.0"
0.6333333333333333,9,Human,0,0,0,18,-0.6333333333333333,-0.6333333333333333,"-0.6820943182506669,-0.7475227136000002"
0.5666666666666667,10,Human,0,0,0,10,-0.5666666666666667,-0.5666666666666667,"-0.5930706197162667,-0.6452146773333334"
0.8,11,Human,1,0,0,50,-0.8,-0.8,"-0.7518143573333335,-0.7482319940266668"
0.6333333333333333,12,Human,0,0,0,15,-0.6333333333333333,-0.6333333333333333,"-0.6338328974404269,-0.6750807466666667"
0.65,13,Human,0,0,0,20,-0.65,-0.65,"-0.8006339888387584,0.0"
0.8,14,Human,1,0,0,25,-0.8,-0.8,"-0.7389854293333336,-0.7445133470378669"
0.6333333333333333,15,Human,0,0,0,30,-0.6333333333333333,-0.6333333333333333,"-0.6955693718186668,-0.7355556778666669"
0.5,16,Human,0,0,0,5,-0.5,-0.5,"-0.5010737718583764,0.0"
0.7333333333333333,17,Human,0,0,0,32,-0.7333333333333333,-0.7333333333333333,"-0.8724421119143222,0.0"
0.55,18,Human,0,0,0,8,-0.55,-0.55,"-0.6037552488230871,0.0"
0.7166666666666667,19,Human,0,0,0,38,-0.7166666666666667,-0.7166666666666667,"-0.8825832752493854,0.0"
