travel_time,id,kind,action,origin,destination,start_time,reward,reward_right,cost_table
0.65,0,Human,0,0,0,12,-0.65,-0.65,"-0.6520599032918835,-0.7035854933333334"
0.65,1,Human,0,0,0,35,-0.65,-0.65,"-0.6559361165976118,0.0"
0.55,2,Human,0,0,0,7,-0.55,-0.55,"-0.549087261709627,-0.5806481066666668"
0.7,3,Human,0,0,0,44,-0.7,-0.7,"-0.7024744245366925,-0.8094521460053336"
0.6333333333333333,4,Human,0,0,0,28,-0.6333333333333333,-0.6333333333333333,"-0.6343883611900447,-0.6958485333333335"
0.4666666666666667,5,Human,0,0,0,3,-0.4666666666666667,-0.4666666666666667,"-0.46629693524160015,-0.47062400000000004"
0.7333333333333333,6,Human,0,0,0,40,-0.7333333333333333,-0.7333333333333333,"-0.7370091365160476,0.0"
0.6833333333333333,7,Human,0,0,0,22,-0.6833333333333333,-0.6833333333333333,"-0.686998529590744,0.0"
0.6666666666666666,8,Human,0,0,0,49,-0.6666666666666666,-0.6666666666666666,"-0.6706148834270923,0.0"
0.6333333333333333,9,Human,0,0,0,18,-0.6333333333333333,-0.6333333333333333,"-0.6357735103808532,-0.7475227136000002"
0.5666666666666667,10,Human,0,0,0,10,-0.5666666666666667,-0.5666666666666667,"-0.5677086232589098,-0.6452146773333334"
0.6833333333333333,11,Human,0,0,0,50,-0.6833333333333333,-0.6833333333333333,"-0.685260902796886,-0.7619189285546668"
0.6333333333333333,12,Human,0,0,0,15,-0.6333333333333333,-0.6333333333333333,"-0.6346867597969664,-0.6750807466666667"
0.65,13,Human,0,0,0,20,-0.65,-0.65,"-0.6542867607333513,0.0"
0.65,14,Human,0,0,0,25,-0.65,-0.65,"-0.6524511661586018,-0.7445133470378669"
0.65,15,Human,0,0,0,30,-0.65,-0.65,"-0.6510261310297104,-0.7355556778666669"
0.5,16,Human,0,0,0,5,-0.5,-0.5,"-0.5009189640460397,0.0"
0.65,17,Human,0,0,0,32,-0.65,-0.65,"-0.655456343488311,0.0"
0.55,18,Human,0,0,0,8,-0.55,-0.55,"-0.5516578530195112,0.0"
0.6833333333333333,19,Human,0,0,0,38,-0.6833333333333333,-0.6833333333333333,"-0.6878200431541672,0.0"
