travel_time,id,kind,action,origin,destination,start_time,reward,reward_right,cost_table
0.65,0,Human,0,0,0,12,-0.65,-0.65,"-0.6506749891106844,-0.7035854933333334"
0.65,1,Human,0,0,0,35,-0.65,-0.65,"-0.6519451466867054,0.0"
0.55,2,Human,0,0,0,7,-0.55,-0.55,"-0.5497009139170107,-0.5806481066666668"
0.7,3,Human,0,0,0,44,-0.7,-0.7,"-0.7008108194321835,-0.8094521460053336"
0.6333333333333333,4,Human,0,0,0,28,-0.6333333333333333,-0.6333333333333333,"-0.6336790448614208,-0.6958485333333335"
0.4666666666666667,5,Human,0,0,0,3,-0.4666666666666667,-0.4666666666666667,"-0.4665455130733009,-0.47062400000000004"
0.7333333333333333,6,Human,0,0,0,40,-0.7333333333333333,-0.7333333333333333,"-0.7345378205202453,0.0"
0.6833333333333333,7,Human,0,0,0,22,-0.6833333333333333,-0.6833333333333333,"-0.6845343448429619,0.0"
0.6666666666666666,8,Human,0,0,0,49,-0.6666666666666666,-0.6666666666666666,"-0.667960418334723,0.0"
0.6333333333333333,9,Human,0,0,0,18,-0.6333333333333333,-0.6333333333333333,"-0.6341329305482648,-0.7475227136000002"
0.5666666666666667,10,Human,0,0,0,10,-0.5666666666666667,-0.5666666666666667,"-0.5670080950028129,-0.6452146773333334"
0.6833333333333333,11,Human,0,0,0,50,-0.6833333333333333,-0.6833333333333333,"-0.6839649592951506,-0.7619189285546668"
0.6333333333333333,12,Human,0,0,0,15,-0.6333333333333333,-0.6333333333333333,"-0.6337768241169368,-0.6750807466666667"
0.65,13,Human,0,0,0,20,-0.65,-0.65,"-0.6514046857571046,0.0"
0.65,14,Human,0,0,0,25,-0.65,-0.65,"-0.6508031981268507,-0.7445133470378669"
0.65,15,Human,0,0,0,30,-0.65,-0.65,"-0.6503362426158156,-0.7355556778666669"
0.5,16,Human,0,0,0,5,-0.5,-0.5,"-0.5003011261386063,0.0"
0.65,17,Human,0,0,0,32,-0.65,-0.65,"-0.6517879346342499,0.0"
0.55,18,Human,0,0,0,8,-0.55,-0.55,"-0.5505432452774335,0.0"
0.6833333333333333,19,Human,0,0,0,38,-0.6833333333333333,-0.6833333333333333,"-0.6848035384074244,0.0"
