travel_time,id,kind,action,origin,destination,start_time,reward,reward_right,cost_table
0.65,0,Human,0,0,0,12,-0.65,-0.65,"-0.6500031875459527,-0.7035854933333334"
0.65,1,Human,0,0,0,35,-0.65,-0.65,"-0.6500091856955177,0.0"
0.55,2,Human,0,0,0,7,-0.55,-0.55,"-0.5499985876059064,-0.5806481066666668"
0.7,3,Human,0,0,0,44,-0.7,-0.7,"-0.7000038289865105,-0.8094521460053336"
0.6333333333333333,4,Human,0,0,0,28,-0.6333333333333333,-0.6333333333333333,"-0.6333349659098666,-0.6958485333333335"
0.4666666666666667,5,Human,0,0,0,3,-0.4666666666666667,-0.4666666666666667,"-0.46666609453499813,-0.47062400000000004"
0.7333333333333333,6,Human,0,0,0,40,-0.7333333333333333,-0.7333333333333333,"-0.7333390213632538,0.0"
0.6833333333333333,7,Human,0,0,0,22,-0.6833333333333333,-0.6833333333333333,"-0.6833390049498322,0.0"
0.6666666666666666,8,Human,0,0,0,49,-0.6666666666666666,-0.6666666666666666,"-0.666672776236181,0.0"
0.6333333333333333,9,Human,0,0,0,18,-0.6333333333333333,-0.6333333333333333,"-0.6333371093244212,-0.7475227136000002"
0.5666666666666667,10,Human,0,0,0,10,-0.5666666666666667,-0.5666666666666667,"-0.5666682790163977,-0.6452146773333334"
0.6833333333333333,11,Human,0,0,0,50,-0.6833333333333333,-0.6833333333333333,"-0.6833363161026055,-0.7619189285546668"
0.6333333333333333,12,Human,0,0,0,15,-0.6333333333333333,-0.6333333333333333,"-0.6333354276593456,-0.6750807466666667"
0.65,13,Human,0,0,0,20,-0.65,-0.65,"-0.6500066334409386,0.0"
0.65,14,Human,0,0,0,25,-0.65,-0.65,"-0.6500037929959135,-0.7445133470378669"
0.65,15,Human,0,0,0,30,-0.65,-0.65,"-0.6500015878608593,-0.7355556778666669"
0.5,16,Human,0,0,0,5,-0.5,-0.5,"-0.5000014220279841,0.0"
0.65,17,Human,0,0,0,32,-0.65,-0.65,"-0.6500084432825904,0.0"
0.55,18,Human,0,0,0,8,-0.55,-0.55,"-0.5500025654032903,0.0"
0.6833333333333333,19,Human,0,0,0,38,-0.6833333333333333,-0.6833333333333333,"-0.6833402761804986,0.0"
