travel_time,id,kind,action,origin,destination,start_time,reward,reward_right,cost_table
0.65,0,Human,0,0,0,12,-0.65,-0.65,"-0.5802067814400002,0.0"
0.9666666666666667,1,Human,1,0,0,35,-0.9666666666666667,-0.9666666666666667,"-0.49627306666666676,-0.5707200000000001"
0.55,2,Human,0,0,0,7,-0.55,-0.55,"-0.49094419968000014,0.0"
1.0,3,Human,1,0,0,44,-1.0,-1.0,"-0.5164992,-0.5969066666666667"
0.65,4,Human,0,0,0,28,-0.65,-0.65,"-0.5967488460800001,0.0"
0.4666666666666667,5,Human,0,0,0,3,-0.4666666666666667,-0.4666666666666667,"-0.41655871488000007,0.0"
1.25,6,Human,0,0,0,40,-1.25,-1.25,"-0.6444277333333334,-0.5937333333333334"
0.95,7,Human,1,0,0,22,-0.95,-0.95,"-0.5008682666666668,-0.5804"
0.9833333333333333,8,Human,1,0,0,49,-0.9833333333333333,-0.9833333333333333,"-0.491904,-0.5870666666666667"
0.6333333333333333,9,Human,0,0,0,18,-0.6333333333333333,-0.6333333333333333,"-0.5679963511466668,0.0"
0.5666666666666667,10,Human,0,0,0,10,-0.5666666666666667,-0.5666666666666667,"-0.5058212966400001,0.0"
1.0,11,Human,1,0,0,50,-1.0,-1.0,"-0.5042016000000002,-0.5969066666666667"
0.6333333333333333,12,Human,0,0,0,15,-0.6333333333333333,-0.6333333333333333,"-0.4673088000000001,-0.5116800000000001"
0.9333333333333333,13,Human,1,0,0,20,-0.9333333333333333,-0.9333333333333333,"-0.4796064000000001,-0.5445333333333334"
0.95,14,Human,1,0,0,25,-0.95,-0.95,"-0.4996064000000001,-0.5673866666666667"
0.9166666666666666,15,Human,1,0,0,30,-0.9166666666666666,-0.9166666666666666,"-0.4996064000000001,-0.5542133333333334"
0.5,16,Human,0,0,0,5,-0.5,-0.5,"-0.4463129088000001,0.0"
0.9166666666666666,17,Human,1,0,0,32,-0.9166666666666666,-0.9166666666666666,"-0.4996064000000001,-0.5542133333333334"
0.55,18,Human,0,0,0,8,-0.55,-0.55,"-0.49094419968000014,0.0"
1.25,19,Human,0,0,0,38,-1.25,-1.25,"-0.8469909145600002,0.0"
