travel_time,id,kind,action,origin,destination,start_time,reward,reward_right,cost_table
0.65,0,Human,0,0,0,12,-0.65,-0.65,"-0.6406325127750695,0.0"
0.95,1,Human,1,0,0,35,-0.95,-0.95,"-0.6506517920972801,-0.7099274666666668"
0.55,2,Human,0,0,0,7,-0.55,-0.55,"-0.5420736646558281,0.0"
0.9,3,Human,0,0,0,44,-0.9,-0.9,"-0.7160324904222722,-0.6775253333333333"
0.6333333333333333,4,Human,0,0,0,28,-0.6333333333333333,-0.6333333333333333,"-0.6542986732408128,0.0"
0.4666666666666667,5,Human,0,0,0,3,-0.4666666666666667,-0.4666666666666667,"-0.45994129122312677,0.0"
0.9333333333333333,6,Human,0,0,0,40,-0.9333333333333333,-0.9333333333333333,"-0.7973445970602668,-0.8103914666666668"
0.6666666666666666,7,Human,0,0,0,22,-0.6666666666666666,-0.6666666666666666,"-0.6456285083074561,-0.65432"
0.85,8,Human,0,0,0,49,-0.85,-0.85,"-0.7080064657408002,-0.7177226666666667"
0.6333333333333333,9,Human,0,0,0,18,-0.6333333333333333,-0.6333333333333333,"-0.6281044320298627,0.0"
0.5666666666666667,10,Human,0,0,0,10,-0.5666666666666667,-0.5666666666666667,"-0.5585001393423683,0.0"
0.8666666666666667,11,Human,0,0,0,50,-0.8666666666666667,-0.8666666666666667,"-0.7220502060509869,-0.7240202666666666"
0.6333333333333333,12,Human,0,0,0,15,-0.6333333333333333,-0.6333333333333333,"-0.5985154651204269,-0.6394752000000001"
0.65,13,Human,0,0,0,20,-0.65,-0.65,"-0.6214126976778241,-0.6222933333333335"
0.8833333333333333,14,Human,1,0,0,25,-0.8833333333333333,-0.8833333333333333,"-0.6466521760972801,-0.6917941333333334"
0.9166666666666666,15,Human,1,0,0,30,-0.9166666666666666,-0.9166666666666666,"-0.6419535094306135,-0.6846965333333335"
0.5,16,Human,0,0,0,5,-0.5,-0.5,"-0.49279424059620724,0.0"
0.9333333333333333,17,Human,1,0,0,32,-0.9333333333333333,-0.9333333333333333,"-0.6466521760972801,-0.6880298666666668"
0.55,18,Human,0,0,0,8,-0.55,-0.55,"-0.5420736646558281,0.0"
0.7,19,Human,0,0,0,38,-0.7,-0.7,"-0.7435474020555524,0.0"
