travel_time,id,kind,action,origin,destination,start_time,reward,reward_right,cost_table
0.8666666666666667,0,Human,0,0,0,27,-0.8666666666666667,-0.8666666666666667,"-0.6359919957333334,-0.6609866666666668"
1.2666666666666666,1,Human,0,0,0,40,-1.2666666666666666,-1.2666666666666666,"-0.8991015936000002,-0.8717280000000001"
0.95,2,Human,0,0,0,31,-0.95,-0.95,"-0.788563663915691,0.0"
0.9666666666666667,3,Human,1,0,0,3,-0.9666666666666667,-0.9666666666666667,"-0.49094419968000014,-0.57552"
0.95,4,Human,0,0,0,37,-0.95,-0.95,"-0.7957917030400001,-0.7725600000000001"
0.8833333333333333,5,Human,0,0,0,28,-0.8833333333333333,-0.8833333333333333,"-0.6807128490666667,-0.6324533333333333"
0.48333333333333334,6,Human,0,0,0,9,-0.48333333333333334,-0.48333333333333334,"-0.46207610852966413,0.0"
0.9333333333333333,7,Human,0,0,0,36,-0.9333333333333333,-0.9333333333333333,"-0.7695109597866668,-0.7308"
0.5833333333333334,8,Human,0,0,0,22,-0.5833333333333334,-0.5833333333333334,"-0.5820139262743894,0.0"
0.8333333333333334,9,Human,0,0,0,25,-0.8333333333333334,-0.8333333333333334,"-0.6581889567675736,0.0"
0.9666666666666667,10,Human,0,0,0,39,-0.9666666666666667,-0.9666666666666667,"-0.9805960493520216,0.0"
1.2666666666666666,11,Human,1,0,0,38,-1.2666666666666666,-1.2666666666666666,"-0.8007337045333335,-0.8857600000000001"
0.4666666666666667,12,Human,0,0,0,2,-0.4666666666666667,-0.4666666666666667,"-0.4265803052373334,-0.4310666666666667"
0.8833333333333333,13,Human,1,0,0,18,-0.8833333333333333,-0.8833333333333333,"-0.4470119594666667,-0.5297333333333334"
0.5833333333333334,14,Human,0,0,0,20,-0.5833333333333334,-0.5833333333333334,"-0.5363709252266667,-0.6204533333333333"
0.9,15,Human,0,0,0,29,-0.9,-0.9,"-0.7048090589866669,-0.6621333333333335"
0.4666666666666667,16,Human,0,0,0,16,-0.4666666666666667,-0.4666666666666667,"-0.4461424496148481,0.0"
1.1833333333333333,17,Human,1,0,0,32,-1.1833333333333333,-1.1833333333333333,"-0.7386359552000001,-0.8038560000000001"
0.85,18,Human,0,0,0,26,-0.85,-0.85,"-0.6416868061866668,-0.6043733333333334"
0.9166666666666666,19,Human,0,0,0,30,-0.9166666666666666,-0.9166666666666666,"-0.7175528226133334,-0.6827733333333335"
