{"train/episode_reward": -1.75, "trainer/step": 4, "_timestamp": 1721386310.907001, "_runtime": 38.06070303916931, "_step": 3}