travel_time,id,kind,action,origin,destination,start_time,reward,reward_right,cost_table
0.65,0,Human,0,0,0,12,-0.65,-0.65,"-0.5417809493333334,-0.5476000000000001"
1.35,1,Human,0,0,0,35,-1.35,-1.35,"-0.9109600000000002,-0.7981440000000001"
0.55,2,Human,0,0,0,7,-0.55,-0.55,"-0.4198444800000001,-0.5637866666666668"
1.25,3,Human,0,0,0,44,-1.25,-1.25,"-0.9143242666666667,-0.7711413333333333"
0.6333333333333333,4,Human,0,0,0,28,-0.6333333333333333,-0.6333333333333333,"-0.6624533333333334,-0.7806538666666669"
0.4666666666666667,5,Human,0,0,0,3,-0.4666666666666667,-0.4666666666666667,"-0.36879957333333335,-0.5215200000000001"
1.1666666666666667,6,Human,1,0,0,40,-1.1666666666666667,-1.1666666666666667,"-0.8591306666666668,-0.8621973333333335"
1.15,7,Human,1,0,0,22,-1.15,-1.15,"-0.7463093333333335,-0.7680266666666667"
1.2,8,Human,0,0,0,49,-1.2,-1.2,"-0.8515242666666669,-0.7434720000000001"
0.65,9,Human,0,0,0,18,-0.65,-0.65,"-0.64719168,-0.6345333333333334"
0.5666666666666667,10,Human,0,0,0,10,-0.5666666666666667,-0.5666666666666667,"-0.45136853333333343,-0.5724266666666668"
1.0333333333333334,11,Human,1,0,0,50,-1.0333333333333334,-1.0333333333333334,"-0.7854453333333336,-0.7913365333333334"
0.9833333333333333,12,Human,1,0,0,15,-0.9833333333333333,-0.9833333333333333,"-0.58172416,-0.6145866666666667"
0.65,13,Human,0,0,0,20,-0.65,-0.65,"-0.6076192000000001,-0.7108106666666667"
1.1333333333333333,14,Human,1,0,0,25,-1.1333333333333333,-1.1333333333333333,"-0.7322080000000001,-0.8043818666666668"
1.0833333333333333,15,Human,1,0,0,30,-1.0833333333333333,-1.0833333333333333,"-0.7567733333333334,-0.7925344000000001"
0.5,16,Human,0,0,0,5,-0.5,-0.5,"-0.4405711360000001,-0.3480000000000001"
1.3666666666666667,17,Human,0,0,0,32,-1.3666666666666667,-1.3666666666666667,"-0.7614400000000001,-0.7628138666666668"
0.55,18,Human,0,0,0,8,-0.55,-0.55,"-0.46156531200000006,-0.47400000000000003"
1.1,19,Human,1,0,0,38,-1.1,-1.1,"-0.9097653333333335,-0.7497493333333336"
