travel_time,id,kind,action,origin,destination,start_time,reward,reward_right,cost_table
0.65,0,Human,0,0,0,12,-0.65,-0.65,"-0.6499702368475763,-1.0130504028160003"
0.65,1,Human,0,0,0,35,-0.65,-0.65,"-0.6666102544338964,-1.0213839322043736"
0.55,2,Human,0,0,0,7,-0.55,-0.55,"-0.5442458675061668,-0.8611858868906668"
0.7,3,Human,0,0,0,44,-0.7,-0.7,"-0.6983478950209031,-1.0969690617420014"
0.6333333333333333,4,Human,0,0,0,28,-0.6333333333333333,-0.6333333333333333,"-0.657246303751494,-1.0017324760896855"
0.4666666666666667,5,Human,0,0,0,3,-0.4666666666666667,-0.4666666666666667,"-0.4666666665906174,-0.8111283244373334"
0.7333333333333333,6,Human,0,0,0,40,-0.7333333333333333,-0.7333333333333333,"-0.7336163817002175,-1.1348773138566353"
0.6833333333333333,7,Human,0,0,0,22,-0.6833333333333333,-0.6833333333333333,"-0.6845284417579613,-1.0746922981376001"
0.6666666666666666,8,Human,0,0,0,49,-0.6666666666666666,-0.6666666666666666,"-0.6639484191460261,-1.057363942675601"
0.6333333333333333,9,Human,0,0,0,18,-0.6333333333333333,-0.6333333333333333,"-0.6431623911515318,-1.027712719940267"
0.5666666666666667,10,Human,0,0,0,10,-0.5666666666666667,-0.5666666666666667,"-0.5666666856979725,-0.9358295809578329"
0.6833333333333333,11,Human,0,0,0,50,-0.6833333333333333,-0.6833333333333333,"-0.682437266023043,-0.9991728686027848"
0.6333333333333333,12,Human,0,0,0,15,-0.6333333333333333,-0.6333333333333333,"-0.6401314169455689,-0.9651114542339416"
0.65,13,Human,0,0,0,20,-0.65,-0.65,"-0.6571082208995114,-1.004427631651499"
0.65,14,Human,0,0,0,25,-0.65,-0.65,"-0.6737661963445303,-0.9852487339021658"
0.65,15,Human,0,0,0,30,-0.65,-0.65,"-0.6692301424939928,-1.0264458459284334"
0.5,16,Human,0,0,0,5,-0.5,-0.5,"-0.50005805309228,-0.7998959786666668"
0.65,17,Human,0,0,0,32,-0.65,-0.65,"-0.6693436009569822,-0.9603322759441071"
0.55,18,Human,0,0,0,8,-0.55,-0.55,"-0.5500288880982473,-0.8425988181333335"
0.6833333333333333,19,Human,0,0,0,38,-0.6833333333333333,-0.6833333333333333,"-0.6938794491908343,-1.0779724805236985"
