travel_time,id,kind,action,origin,destination,start_time,reward,reward_right,cost_table
1.1166666666666667,0,Human,1,0,0,12,-1.1166666666666667,-1.1166666666666667,"-0.5417809493333334,-0.6614133333333334"
1.0666666666666667,1,Human,1,0,0,35,-1.0666666666666667,-1.0666666666666667,"-0.9109600000000002,-0.8518485333333334"
0.5333333333333333,2,Human,0,0,0,7,-0.5333333333333333,-0.5333333333333333,"-0.44254225066666675,-0.5637866666666668"
1.1666666666666667,3,Human,1,0,0,44,-1.1666666666666667,-1.1666666666666667,"-0.9143242666666667,-0.8502464000000001"
1.4666666666666666,4,Human,0,0,0,28,-1.4666666666666666,-1.4666666666666666,"-0.8232960000000001,-0.7806538666666669"
0.4666666666666667,5,Human,0,0,0,3,-0.4666666666666667,-0.4666666666666667,"-0.38837299200000003,-0.5215200000000001"
1.2,6,Human,1,0,0,40,-1.2,-1.2,"-0.8591306666666668,-0.9297578666666668"
1.0666666666666667,7,Human,0,0,0,22,-1.0666666666666667,-1.0666666666666667,"-0.8103808000000002,-0.7680266666666667"
1.2,8,Human,0,0,0,49,-1.2,-1.2,"-0.9212194133333336,-0.7434720000000001"
0.6333333333333333,9,Human,0,0,0,18,-0.6333333333333333,-0.6333333333333333,"-0.6444200106666668,-0.6345333333333334"
0.5666666666666667,10,Human,0,0,0,10,-0.5666666666666667,-0.5666666666666667,"-0.4744281600000001,-0.5724266666666668"
1.2166666666666666,11,Human,0,0,0,50,-1.2166666666666666,-1.2166666666666666,"-0.8716896000000002,-0.7913365333333334"
0.6,12,Human,0,0,0,15,-0.6,-0.6,"-0.585379328,-0.6145866666666667"
1.05,13,Human,0,0,0,20,-1.05,-1.05,"-0.6960953600000002,-0.7108106666666667"
1.0333333333333334,14,Human,0,0,0,25,-1.0333333333333334,-1.0333333333333334,"-0.7924330666666668,-0.8043818666666668"
1.0333333333333334,15,Human,1,0,0,30,-1.0333333333333334,-1.0333333333333334,"-0.7567733333333334,-0.8406941866666667"
0.95,16,Human,1,0,0,5,-0.95,-0.95,"-0.4405711360000001,-0.4684000000000001"
1.4333333333333333,17,Human,0,0,0,32,-1.4333333333333333,-1.4333333333333333,"-0.8958186666666668,-0.7628138666666668"
0.55,18,Human,0,0,0,8,-0.55,-0.55,"-0.4792522496000001,-0.47400000000000003"
1.1333333333333333,19,Human,1,0,0,38,-1.1333333333333333,-1.1333333333333333,"-0.9097653333333335,-0.8264661333333336"
