travel_time,id,kind,action,origin,destination,start_time,reward,reward_right,cost_table
0.65,0,Human,0,0,0,12,-0.65,-0.65,"-0.6500931547856261,-1.0130504028160003"
0.7166666666666667,1,Human,0,0,0,35,-0.7166666666666667,-0.7166666666666667,"-0.6709928887617725,-1.0213839322043736"
0.5166666666666667,2,Human,0,0,0,7,-0.5166666666666667,-0.5166666666666667,"-0.5415714730884389,-0.8756153761792002"
0.7,3,Human,0,0,0,44,-0.7,-0.7,"-0.6944735380673567,-1.097575249393601"
0.7,4,Human,0,0,0,28,-0.7,-0.7,"-0.6558423658139676,-1.0047193142050819"
0.8833333333333333,5,Human,1,0,0,3,-0.8833333333333333,-0.8833333333333333,"-0.4666666666645261,-0.8255693262165335"
0.7333333333333333,6,Human,0,0,0,40,-0.7333333333333333,-0.7333333333333333,"-0.7273735044229517,-1.1379018510853083"
0.7333333333333333,7,Human,0,0,0,22,-0.7333333333333333,-0.7333333333333333,"-0.6950298739248935,-1.0746922981376001"
0.6666666666666666,8,Human,0,0,0,49,-0.6666666666666666,-0.6666666666666666,"-0.6689799313992174,-1.057363942675601"
0.7166666666666667,9,Human,0,0,0,18,-0.7166666666666667,-0.7166666666666667,"-0.6493972147912076,-1.027712719940267"
0.5666666666666667,10,Human,0,0,0,10,-0.5666666666666667,-0.5666666666666667,"-0.5666666670952136,-0.9358295809578329"
0.6833333333333333,11,Human,0,0,0,50,-0.6833333333333333,-0.6833333333333333,"-0.6851283893831327,-0.9991728686027848"
0.7166666666666667,12,Human,0,0,0,15,-0.7166666666666667,-0.7166666666666667,"-0.6489432969496061,-0.96875583005382"
0.7,13,Human,0,0,0,20,-0.7,-0.7,"-0.6587947295716383,-1.004427631651499"
0.7166666666666667,14,Human,0,0,0,25,-0.7166666666666667,-0.7166666666666667,"-0.6706705875928575,-0.9852487339021658"
0.7,15,Human,0,0,0,30,-0.7,-0.7,"-0.6606254720151322,-1.0264458459284334"
0.5,16,Human,0,0,0,5,-0.5,-0.5,"-0.5013997353826132,-0.8332501162666669"
0.7,17,Human,0,0,0,32,-0.7,-0.7,"-0.6710269535907379,-0.9749324874219524"
0.55,18,Human,0,0,0,8,-0.55,-0.55,"-0.5505600536610117,-0.8574123878400002"
1.0833333333333333,19,Human,1,0,0,38,-1.0833333333333333,-1.0833333333333333,"-0.6873889409854637,-1.0790446510856255"
