travel_time,id,kind,action,origin,destination,start_time,reward,reward_right,cost_table
0.65,0,Human,0,0,0,12,-0.65,-0.65,"-0.6500171915547899,-0.9987092599466669"
0.65,1,Human,0,0,0,35,-0.65,-0.65,"-0.691174986834258,-1.0226534524299948"
0.55,2,Human,0,0,0,7,-0.55,-0.55,"-0.5474956809598935,-0.8800972136994135"
0.7,3,Human,0,0,0,44,-0.7,-0.7,"-0.729021065737347,-1.106281290667405"
0.6333333333333333,4,Human,0,0,0,28,-0.6333333333333333,-0.6333333333333333,"-0.6694328672280299,-0.995536550525338"
0.4666666666666667,5,Human,0,0,0,3,-0.4666666666666667,-0.4666666666666667,"-0.4666666666663076,-0.8226311288832001"
0.7333333333333333,6,Human,0,0,0,40,-0.7333333333333333,-0.7333333333333333,"-0.7555349307558772,-1.1349383231389698"
0.6833333333333333,7,Human,0,0,0,22,-0.6833333333333333,-0.6833333333333333,"-0.6790835393782263,-1.1052119120490225"
0.6666666666666666,8,Human,0,0,0,49,-0.6666666666666666,-0.6666666666666666,"-0.6867507546355535,-1.0589136840361033"
0.6333333333333333,9,Human,0,0,0,18,-0.6333333333333333,-0.6333333333333333,"-0.6382551601842077,-0.9880938427733337"
0.5666666666666667,10,Human,0,0,0,10,-0.5666666666666667,-0.5666666666666667,"-0.5666666666659854,-0.9234623379374082"
0.6833333333333333,11,Human,0,0,0,50,-0.6833333333333333,-0.6833333333333333,"-0.6832948933905841,-1.0163863286858301"
0.6333333333333333,12,Human,0,0,0,15,-0.6333333333333333,-0.6333333333333333,"-0.6316609566348211,-0.9605725345156303"
0.65,13,Human,0,0,0,20,-0.65,-0.65,"-0.6516193743891426,-1.0331866405359893"
0.65,14,Human,0,0,0,25,-0.65,-0.65,"-0.6846829909028957,-0.9951649304739845"
0.65,15,Human,0,0,0,30,-0.65,-0.65,"-0.6819565048637187,-1.0125332145270516"
0.5,16,Human,0,0,0,5,-0.5,-0.5,"-0.500250681891453,-0.8544115182933336"
0.65,17,Human,0,0,0,32,-0.65,-0.65,"-0.6965447007350519,-1.0059475167313434"
0.55,18,Human,0,0,0,8,-0.55,-0.55,"-0.5501253411357848,-0.8862434575400961"
0.6833333333333333,19,Human,0,0,0,38,-0.6833333333333333,-0.6833333333333333,"-0.7170311916176766,-1.0738844032999972"
