travel_time,id,kind,action,origin,destination,start_time,reward,reward_right,cost_table
0.65,0,Human,0,0,0,12,-0.65,-0.65,"-0.6500524644616388,-0.9987092599466669"
0.7166666666666667,1,Human,0,0,0,35,-0.7166666666666667,-0.7166666666666667,"-0.670447754417698,-1.0226534524299948"
0.5333333333333333,2,Human,0,0,0,7,-0.5333333333333333,-0.5333333333333333,"-0.5465240914710292,-0.8800972136994135"
0.7,3,Human,0,0,0,44,-0.7,-0.7,"-0.6989772112728196,-1.1036849466675895"
0.7333333333333333,4,Human,0,0,0,28,-0.7333333333333333,-0.7333333333333333,"-0.6560003679240816,-0.995536550525338"
0.4666666666666667,5,Human,0,0,0,3,-0.4666666666666667,-0.4666666666666667,"-0.4666666666655707,-0.8226311288832001"
0.7333333333333333,6,Human,0,0,0,40,-0.7333333333333333,-0.7333333333333333,"-0.7320768150508941,-1.1349383231389698"
0.6666666666666666,7,Human,0,0,0,22,-0.6666666666666666,-0.6666666666666666,"-0.6810410747626533,-1.1052119120490225"
0.6666666666666666,8,Human,0,0,0,49,-0.6666666666666666,-0.6666666666666666,"-0.6651980223659875,-1.0589136840361033"
0.65,9,Human,0,0,0,18,-0.65,-0.65,"-0.6376764735439275,-0.9880938427733337"
0.9666666666666667,10,Human,1,0,0,10,-0.9666666666666667,-0.9666666666666667,"-0.5666666666650033,-0.9126612557550935"
0.6833333333333333,11,Human,0,0,0,50,-0.6833333333333333,-0.6833333333333333,"-0.6821978191501887,-1.0204829108572875"
0.6333333333333333,12,Human,0,0,0,15,-0.6333333333333333,-0.6333333333333333,"-0.6334170490758977,-0.9548823348112044"
0.6666666666666666,13,Human,0,0,0,20,-0.6666666666666666,-0.6666666666666666,"-0.6539535507547426,-1.0289833006699864"
0.75,14,Human,0,0,0,25,-0.75,-0.75,"-0.6725107551154452,-0.9951649304739845"
0.7333333333333333,15,Human,0,0,0,30,-0.7333333333333333,-0.7333333333333333,"-0.668356846711381,-1.0125332145270516"
0.5,16,Human,0,0,0,5,-0.5,-0.5,"-0.5007650204206938,-0.8544115182933336"
0.7333333333333333,17,Human,0,0,0,32,-0.7333333333333333,-0.7333333333333333,"-0.6761577374320025,-1.0059475167313434"
0.55,18,Human,0,0,0,8,-0.55,-0.55,"-0.5503825107903585,-0.8862434575400961"
0.7333333333333333,19,Human,0,0,0,38,-0.7333333333333333,-0.7333333333333333,"-0.6981502022837618,-1.0738844032999972"
