travel_time,id,kind,action,origin,destination,start_time,reward,reward_right,cost_table
0.65,0,Human,0,0,0,12,-0.65,-0.65,"-0.6500655805770484,-0.9987092599466669"
0.65,1,Human,0,0,0,35,-0.65,-0.65,"-0.6588930263554559,-1.0226534524299948"
0.55,2,Human,0,0,0,7,-0.55,-0.55,"-0.5498217810054532,-0.8800972136994135"
0.7,3,Human,0,0,0,44,-0.7,-0.7,"-0.6987215140910246,-1.1036849466675895"
0.6333333333333333,4,Human,0,0,0,28,-0.6333333333333333,-0.6333333333333333,"-0.6366671265717687,-0.995536550525338"
0.4666666666666667,5,Human,0,0,0,3,-0.4666666666666667,-0.4666666666666667,"-0.4666666666652967,-0.8226311288832001"
0.7333333333333333,6,Human,0,0,0,40,-0.7333333333333333,-0.7333333333333333,"-0.7317626854802843,-1.1349383231389698"
0.6833333333333333,7,Human,0,0,0,22,-0.6833333333333333,-0.6833333333333333,"-0.6846346767866499,-1.1052119120490225"
0.6666666666666666,8,Human,0,0,0,49,-0.6666666666666666,-0.6666666666666666,"-0.6648308612908177,-1.0589136840361033"
0.6333333333333333,9,Human,0,0,0,18,-0.6333333333333333,-0.6333333333333333,"-0.6345955919299093,-0.9880938427733337"
0.5666666666666667,10,Human,0,0,0,10,-0.5666666666666667,-0.5666666666666667,"-0.5666666666650033,-0.8991599030272002"
0.6833333333333333,11,Human,0,0,0,50,-0.6833333333333333,-0.6833333333333333,"-0.6819139406044025,-1.0204829108572875"
0.6333333333333333,12,Human,0,0,0,15,-0.6333333333333333,-0.6333333333333333,"-0.6334379780115387,-0.9548823348112044"
0.65,13,Human,0,0,0,20,-0.65,-0.65,"-0.6507752717767615,-1.0289833006699864"
0.65,14,Human,0,0,0,25,-0.65,-0.65,"-0.6531384438943065,-0.9951649304739845"
0.65,15,Human,0,0,0,30,-0.65,-0.65,"-0.6521127250558928,-1.0125332145270516"
0.5,16,Human,0,0,0,5,-0.5,-0.5,"-0.5009562755258673,-0.8544115182933336"
0.65,17,Human,0,0,0,32,-0.65,-0.65,"-0.6618638384566697,-1.0059475167313434"
0.55,18,Human,0,0,0,8,-0.55,-0.55,"-0.550478138487948,-0.8862434575400961"
0.6833333333333333,19,Human,0,0,0,38,-0.6833333333333333,-0.6833333333333333,"-0.6893544195213689,-1.0738844032999972"
