travel_time,id,kind,action,origin,destination,start_time,reward,reward_right,cost_table
0.65,0,Human,0,0,0,12,-0.65,-0.65,"-0.6500819757213105,-0.9987092599466669"
0.65,1,Human,0,0,0,35,-0.65,-0.65,"-0.6611162829443198,-1.0226534524299948"
0.55,2,Human,0,0,0,7,-0.55,-0.55,"-0.5497772262568165,-0.8800972136994135"
0.6833333333333333,3,Human,0,0,0,44,-0.6833333333333333,-0.6833333333333333,"-0.6984018926137806,-1.1036849466675895"
0.6333333333333333,4,Human,0,0,0,28,-0.6333333333333333,-0.6333333333333333,"-0.6375005748813775,-0.995536550525338"
0.4666666666666667,5,Human,0,0,0,3,-0.4666666666666667,-0.4666666666666667,"-0.4666666666649542,-0.8226311288832001"
0.7166666666666667,6,Human,0,0,0,40,-0.7166666666666667,-0.7166666666666667,"-0.731370023517022,-1.1349383231389698"
0.6833333333333333,7,Human,0,0,0,22,-0.6833333333333333,-0.6833333333333333,"-0.684960012649979,-1.1052119120490225"
0.65,8,Human,0,0,0,49,-0.65,-0.65,"-0.6643719099468555,-1.0589136840361033"
0.6333333333333333,9,Human,0,0,0,18,-0.6333333333333333,-0.6333333333333333,"-0.6349111565790533,-0.9880938427733337"
0.5666666666666667,10,Human,0,0,0,10,-0.5666666666666667,-0.5666666666666667,"-0.5666666666645874,-0.8991599030272002"
0.6666666666666666,11,Human,0,0,0,50,-0.6666666666666666,-0.6666666666666666,"-0.6815590924221696,-1.0204829108572875"
0.6333333333333333,12,Human,0,0,0,15,-0.6333333333333333,-0.6333333333333333,"-0.6334641391810899,-0.9548823348112044"
0.65,13,Human,0,0,0,20,-0.65,-0.65,"-0.6509690897209519,-1.0289833006699864"
0.65,14,Human,0,0,0,25,-0.65,-0.65,"-0.6539230548678832,-0.9951649304739845"
0.65,15,Human,0,0,0,30,-0.65,-0.65,"-0.6526409063198659,-1.0125332145270516"
0.5,16,Human,0,0,0,5,-0.5,-0.5,"-0.5011953444073342,-0.8544115182933336"
1.0333333333333334,17,Human,1,0,0,32,-1.0333333333333334,-1.0333333333333334,"-0.6648297980708371,-1.0059475167313434"
0.55,18,Human,0,0,0,8,-0.55,-0.55,"-0.550597673109935,-0.8862434575400961"
0.6833333333333333,19,Human,0,0,0,38,-0.6833333333333333,-0.6833333333333333,"-0.6908596910683777,-1.0738844032999972"
