travel_time,id,kind,action,origin,destination,start_time,reward,reward_right,cost_table
0.65,0,Human,0,0,0,12,-0.65,-0.65,"-0.6500026220741115,-1.0130504028160003"
0.6833333333333333,1,Human,0,0,0,35,-0.6833333333333333,-0.6833333333333333,"-0.6711610789927129,-1.0213839322043736"
0.5166666666666667,2,Human,0,0,0,7,-0.5166666666666667,-0.5166666666666667,"-0.5404857436970577,-0.8871589676100268"
0.6833333333333333,3,Human,0,0,0,44,-0.6833333333333333,-0.6833333333333333,"-0.6993824580075799,-1.1013935328482143"
0.7,4,Human,0,0,0,28,-0.7,-0.7,"-0.6573635828615455,-1.0047193142050819"
0.8833333333333333,5,Human,1,0,0,3,-0.8833333333333333,-0.8833333333333333,"-0.4666666666665726,-0.8463643687785815"
0.7,6,Human,0,0,0,40,-0.7,-0.7,"-0.7286804999930304,-1.1379018510853083"
0.7333333333333333,7,Human,0,0,0,22,-0.7333333333333333,-0.7333333333333333,"-0.7000531582712792,-1.0746922981376001"
0.65,8,Human,0,0,0,49,-0.65,-0.65,"-0.6602211002104107,-1.057363942675601"
0.7166666666666667,9,Human,0,0,0,18,-0.7166666666666667,-0.7166666666666667,"-0.657620158065924,-1.027712719940267"
0.5666666666666667,10,Human,0,0,0,10,-0.5666666666666667,-0.5666666666666667,"-0.5666666666787292,-0.9358295809578329"
0.9833333333333333,11,Human,1,0,0,50,-0.9833333333333333,-0.9833333333333333,"-0.6819448741988631,-0.9960049615488945"
0.7166666666666667,12,Human,0,0,0,15,-0.7166666666666667,-0.7166666666666667,"-0.657513200126877,-0.9713370645677782"
0.7,13,Human,0,0,0,20,-0.7,-0.7,"-0.6635243496301355,-1.004427631651499"
0.7,14,Human,0,0,0,25,-0.7,-0.7,"-0.6707917701220518,-0.9852487339021658"
0.7,15,Human,0,0,0,30,-0.7,-0.7,"-0.6675225303710187,-1.0264458459284334"
0.5,16,Human,0,0,0,5,-0.5,-0.5,"-0.5017870257150889,-0.8332501162666669"
1.0,17,Human,1,0,0,32,-1.0,-1.0,"-0.6715280658951378,-0.979945989937562"
0.55,18,Human,0,0,0,8,-0.55,-0.55,"-0.5508935184697321,-0.8725965769386669"
0.6833333333333333,19,Human,0,0,0,38,-0.6833333333333333,-0.6833333333333333,"-0.6907612608301575,-1.0832357208685004"
