travel_time,id,kind,action,origin,destination,start_time,reward,reward_right,cost_table
0.65,0,Human,0,0,0,12,-0.65,-0.65,"-0.6506991097105268,-1.0130504028160003"
0.65,1,Human,0,0,0,35,-0.65,-0.65,"-0.6630594171373319,-1.0213839322043736"
0.55,2,Human,0,0,0,7,-0.55,-0.55,"-0.5490867073276303,-0.8871589676100268"
0.7,3,Human,0,0,0,44,-0.7,-0.7,"-0.7120097656572322,-1.1013935328482143"
0.6333333333333333,4,Human,0,0,0,28,-0.6333333333333333,-0.6333333333333333,"-0.6471564091141047,-1.0047193142050819"
0.4666666666666667,5,Human,0,0,0,3,-0.4666666666666667,-0.4666666666666667,"-0.46666666666666407,-0.8570914950228653"
0.7333333333333333,6,Human,0,0,0,40,-0.7333333333333333,-0.7333333333333333,"-0.7445531816408455,-1.1379018510853083"
0.6833333333333333,7,Human,0,0,0,22,-0.6833333333333333,-0.6833333333333333,"-0.6965444005601348,-1.0746922981376001"
0.6666666666666666,8,Human,0,0,0,49,-0.6666666666666666,-0.6666666666666666,"-0.6800817755665172,-1.0592244874738141"
0.6333333333333333,9,Human,0,0,0,18,-0.6333333333333333,-0.6333333333333333,"-0.6485602880074121,-1.027712719940267"
0.5666666666666667,10,Human,0,0,0,10,-0.5666666666666667,-0.5666666666666667,"-0.5659676160002718,-0.9358295809578329"
0.6833333333333333,11,Human,0,0,0,50,-0.6833333333333333,-0.6833333333333333,"-0.6877792963864638,-0.9960049615488945"
0.6333333333333333,12,Human,0,0,0,15,-0.6333333333333333,-0.6333333333333333,"-0.6340139360775916,-0.9737363183208892"
0.65,13,Human,0,0,0,20,-0.65,-0.65,"-0.664285554613107,-1.004427631651499"
0.65,14,Human,0,0,0,25,-0.65,-0.65,"-0.6638671989677546,-0.9881989871217327"
0.65,15,Human,0,0,0,30,-0.65,-0.65,"-0.662530091879581,-1.0264458459284334"
0.5,16,Human,0,0,0,5,-0.5,-0.5,"-0.5000402402417231,-0.8332501162666669"
0.65,17,Human,0,0,0,32,-0.65,-0.65,"-0.6630676809477168,-0.979945989937562"
0.55,18,Human,0,0,0,8,-0.55,-0.55,"-0.550025150309046,-0.8780772615509336"
0.6833333333333333,19,Human,0,0,0,38,-0.6833333333333333,-0.6833333333333333,"-0.6946854060575345,-1.0832357208685004"
