travel_time,id,kind,action,origin,destination,start_time,reward,reward_right,cost_table
0.65,0,Human,0,0,0,12,-0.65,-0.65,"-0.6508738871381584,-1.0130504028160003"
0.65,1,Human,0,0,0,35,-0.65,-0.65,"-0.6663242714216647,-1.0213839322043736"
0.55,2,Human,0,0,0,7,-0.55,-0.55,"-0.5488583841595378,-0.8871589676100268"
0.7,3,Human,0,0,0,44,-0.7,-0.7,"-0.7150122070715401,-1.1013935328482143"
0.6333333333333333,4,Human,0,0,0,28,-0.6333333333333333,-0.6333333333333333,"-0.6506121780592974,-1.0047193142050819"
0.4666666666666667,5,Human,0,0,0,3,-0.4666666666666667,-0.4666666666666667,"-0.4666666666666634,-0.8570914950228653"
0.7333333333333333,6,Human,0,0,0,40,-0.7333333333333333,-0.7333333333333333,"-0.7473581437177235,-1.1379018510853083"
0.6833333333333333,7,Human,0,0,0,22,-0.6833333333333333,-0.6833333333333333,"-0.699847167366835,-1.0746922981376001"
0.6666666666666666,8,Human,0,0,0,49,-0.6666666666666666,-0.6666666666666666,"-0.6834355527914798,-1.0592244874738141"
0.6333333333333333,9,Human,0,0,0,18,-0.6333333333333333,-0.6333333333333333,"-0.6523670266759317,-1.027712719940267"
0.5666666666666667,10,Human,0,0,0,10,-0.5666666666666667,-0.5666666666666667,"-0.565792853333673,-0.9358295809578329"
0.6833333333333333,11,Human,0,0,0,50,-0.6833333333333333,-0.6833333333333333,"-0.6888907871497464,-0.9960049615488945"
0.6333333333333333,12,Human,0,0,0,15,-0.6333333333333333,-0.6333333333333333,"-0.6341840867636561,-0.9737363183208892"
0.65,13,Human,0,0,0,20,-0.65,-0.65,"-0.6678569432663838,-1.004427631651499"
0.65,14,Human,0,0,0,25,-0.65,-0.65,"-0.6673339987096932,-0.9881989871217327"
0.65,15,Human,0,0,0,30,-0.65,-0.65,"-0.6656626148494762,-1.0264458459284334"
0.5,16,Human,0,0,0,5,-0.5,-0.5,"-0.5000503003021538,-0.8332501162666669"
0.65,17,Human,0,0,0,32,-0.65,-0.65,"-0.666334601184646,-0.979945989937562"
0.55,18,Human,0,0,0,8,-0.55,-0.55,"-0.5500314378863075,-0.8780772615509336"
0.6833333333333333,19,Human,0,0,0,38,-0.6833333333333333,-0.6833333333333333,"-0.6975234242385847,-1.0832357208685004"
