travel_time,id,kind,action,origin,destination,start_time,reward,reward_right,cost_table
0.65,0,Human,0,0,0,12,-0.65,-0.65,"-0.6489078145181556,-1.035173926365867"
0.9833333333333333,1,Human,0,0,0,35,-0.9833333333333333,-0.9833333333333333,"-0.7331446115340315,-1.0226534524299948"
0.5333333333333333,2,Human,0,0,0,7,-0.5333333333333333,-0.5333333333333333,"-0.5466110594307712,-0.8800972136994135"
0.95,3,Human,0,0,0,44,-0.95,-0.95,"-0.7526112319510594,-1.1083583658672576"
0.9666666666666667,4,Human,0,0,0,28,-0.9666666666666667,-0.9666666666666667,"-0.7039650905592811,-1.0030959070869372"
0.4666666666666667,5,Human,0,0,0,3,-0.4666666666666667,-0.4666666666666667,"-0.4666666666666657,-0.8226311288832001"
1.0,6,Human,0,0,0,40,-1.0,-1.0,"-0.789952745285708,-1.1349383231389698"
0.6833333333333333,7,Human,0,0,0,22,-0.6833333333333333,-0.6833333333333333,"-0.6804654732692381,-1.1052119120490225"
0.9166666666666666,8,Human,0,0,0,49,-0.9166666666666666,-0.9166666666666666,"-0.718997153924582,-1.0589136840361033"
0.65,9,Human,0,0,0,18,-0.65,-0.65,"-0.6367649853248345,-1.0071417408853338"
0.9666666666666667,10,Human,1,0,0,10,-0.9666666666666667,-0.9666666666666667,"-0.5666666666666637,-0.9390158962799413"
0.9333333333333333,11,Human,0,0,0,50,-0.9333333333333333,-0.9333333333333333,"-0.7330539022180954,-1.0097757296153307"
0.6333333333333333,12,Human,0,0,0,15,-0.6333333333333333,-0.6333333333333333,"-0.6297668587457875,-0.9651246942791709"
0.65,13,Human,0,0,0,20,-0.65,-0.65,"-0.6509399791518358,-1.0365493124287914"
0.9833333333333333,14,Human,1,0,0,25,-0.9833333333333333,-0.9833333333333333,"-0.655679469004078,-0.9935722221700168"
0.9666666666666667,15,Human,0,0,0,30,-0.9666666666666667,-0.9666666666666667,"-0.7136912751948888,-1.016693238288308"
0.5,16,Human,0,0,0,5,-0.5,-0.5,"-0.5000007576395279,-0.8544115182933336"
0.9666666666666667,17,Human,0,0,0,32,-0.9666666666666667,-0.9666666666666667,"-0.7137929041477198,-1.0059475167313434"
0.55,18,Human,0,0,0,8,-0.55,-0.55,"-0.5500003788203385,-0.8862434575400961"
0.9666666666666667,19,Human,0,0,0,38,-0.9666666666666667,-0.9666666666666667,"-0.753638875265854,-1.0791075226399978"
