travel_time,id,kind,action,origin,destination,start_time,reward,reward_right,cost_table
0.65,0,Human,0,0,0,12,-0.65,-0.65,"-0.6495526408266366,-1.035173926365867"
0.65,1,Human,0,0,0,35,-0.65,-0.65,"-0.6840560328843395,-1.0226534524299948"
0.55,2,Human,0,0,0,7,-0.55,-0.55,"-0.5486118899428439,-0.8800972136994135"
0.7,3,Human,0,0,0,44,-0.7,-0.7,"-0.7167495606071541,-1.1083583658672576"
0.6333333333333333,4,Human,0,0,0,28,-0.6333333333333333,-0.6333333333333333,"-0.6694967930330188,-1.0058100590028831"
0.4666666666666667,5,Human,0,0,0,3,-0.4666666666666667,-0.4666666666666667,"-0.4666666666666663,-0.8226311288832001"
0.7333333333333333,6,Human,0,0,0,40,-0.7333333333333333,-0.7333333333333333,"-0.7517246444690262,-1.1349383231389698"
0.6833333333333333,7,Human,0,0,0,22,-0.6833333333333333,-0.6833333333333333,"-0.6794919911844135,-1.1052119120490225"
0.6666666666666666,8,Human,0,0,0,49,-0.6666666666666666,-0.6666666666666666,"-0.6913012342475088,-1.0589136840361033"
0.6333333333333333,9,Human,0,0,0,18,-0.6333333333333333,-0.6333333333333333,"-0.6347389379890525,-1.0071417408853338"
0.5666666666666667,10,Human,0,0,0,10,-0.5666666666666667,-0.5666666666666667,"-0.5666666666666654,-0.9390158962799413"
0.6833333333333333,11,Human,0,0,0,50,-0.6833333333333333,-0.6833333333333333,"-0.7034569312689983,-1.0078205836922647"
0.6333333333333333,12,Human,0,0,0,15,-0.6333333333333333,-0.6333333333333333,"-0.6318725053422748,-0.9651246942791709"
0.65,13,Human,0,0,0,20,-0.65,-0.65,"-0.650385015460592,-1.0365493124287914"
0.65,14,Human,0,0,0,25,-0.65,-0.65,"-0.6523263105040704,-0.9935722221700168"
0.65,15,Human,0,0,0,30,-0.65,-0.65,"-0.6734212796531599,-1.016693238288308"
0.5,16,Human,0,0,0,5,-0.5,-0.5,"-0.5000003103291507,-0.8544115182933336"
0.65,17,Human,0,0,0,32,-0.65,-0.65,"-0.6761295735389061,-1.0059475167313434"
0.55,18,Human,0,0,0,8,-0.55,-0.55,"-0.5500001551648107,-0.8862434575400961"
0.6833333333333333,19,Human,0,0,0,38,-0.6833333333333333,-0.6833333333333333,"-0.7193297708027842,-1.0832860181119983"
