travel_time,id,kind,action,origin,destination,start_time,reward,reward_right,cost_table
0.65,0,Human,0,0,0,12,-0.65,-0.65,"-0.6499249455851892,-1.035173926365867"
0.65,1,Human,0,0,0,35,-0.65,-0.65,"-0.6809287344142126,-1.0314560952773293"
0.55,2,Human,0,0,0,7,-0.55,-0.55,"-0.5454422255550749,-0.8907444376261975"
0.7,3,Human,0,0,0,44,-0.7,-0.7,"-0.7077502272954467,-1.1083583658672576"
0.6333333333333333,4,Human,0,0,0,28,-0.6333333333333333,-0.6333333333333333,"-0.6584106938502783,-1.00798138053564"
0.4666666666666667,5,Human,0,0,0,3,-0.4666666666666667,-0.4666666666666667,"-0.4666666666666666,-0.8347715697732268"
0.7333333333333333,6,Human,0,0,0,40,-0.7333333333333333,-0.7333333333333333,"-0.7414313374930841,-1.1379506585111758"
0.6833333333333333,7,Human,0,0,0,22,-0.6833333333333333,-0.6833333333333333,"-0.6947165963970434,-1.1052119120490225"
0.6666666666666666,8,Human,0,0,0,49,-0.6666666666666666,-0.6666666666666666,"-0.6766108612803705,-1.0589136840361033"
0.6333333333333333,9,Human,0,0,0,18,-0.6333333333333333,-0.6333333333333333,"-0.6421024879958629,-1.0071417408853338"
0.5666666666666667,10,Human,0,0,0,10,-0.5666666666666667,-0.5666666666666667,"-0.5666666666666664,-0.9390158962799413"
0.6833333333333333,11,Human,0,0,0,50,-0.6833333333333333,-0.6833333333333333,"-0.6903064110324645,-1.0062564669538119"
0.6333333333333333,12,Human,0,0,0,15,-0.6333333333333333,-0.6333333333333333,"-0.6436936421656898,-0.9687664220900034"
0.65,13,Human,0,0,0,20,-0.65,-0.65,"-0.6551845948754571,-1.0365493124287914"
0.65,14,Human,0,0,0,25,-0.65,-0.65,"-0.667883623471432,-0.9935722221700168"
0.65,15,Human,0,0,0,30,-0.65,-0.65,"-0.6766238386773749,-1.016693238288308"
0.5,16,Human,0,0,0,5,-0.5,-0.5,"-0.5053333853979254,-0.8544115182933336"
0.65,17,Human,0,0,0,32,-0.65,-0.65,"-0.6781704816591678,-1.0059475167313434"
0.55,18,Human,0,0,0,8,-0.55,-0.55,"-0.5526666926990021,-0.8862434575400961"
0.6833333333333333,19,Human,0,0,0,38,-0.6833333333333333,-0.6833333333333333,"-0.7044125333998883,-1.0832860181119983"
