travel_time,id,kind,action,origin,destination,start_time,reward,reward_right,cost_table
0.65,0,Human,0,0,0,12,-0.65,-0.65,"-0.6500560985822189,-1.0130504028160003"
0.65,1,Human,0,0,0,35,-0.65,-0.65,"-0.6559436633344357,-1.0213839322043736"
0.55,2,Human,0,0,0,7,-0.55,-0.55,"-0.5498667420754123,-0.8963938407546881"
0.7333333333333333,3,Human,0,0,0,44,-0.7333333333333333,-0.7333333333333333,"-0.7039215397888636,-1.1013935328482143"
0.6333333333333333,4,Human,0,0,0,28,-0.6333333333333333,-0.6333333333333333,"-0.6342080847940325,-1.007108784697399"
0.4666666666666667,5,Human,0,0,0,3,-0.4666666666666667,-0.4666666666666667,"-0.4666666666666666,-0.8570914950228653"
0.7666666666666667,6,Human,0,0,0,40,-0.7666666666666667,-0.7666666666666667,"-0.7398905408273375,-1.1403214808682467"
0.6666666666666666,7,Human,0,0,0,22,-0.6666666666666666,-0.6666666666666666,"-0.679185548468735,-1.0746922981376001"
0.6833333333333333,8,Human,0,0,0,49,-0.6833333333333333,-0.6833333333333333,"-0.6662506554752501,-1.0607129233123846"
0.6333333333333333,9,Human,0,0,0,18,-0.6333333333333333,-0.6333333333333333,"-0.6349222598976264,-1.027712719940267"
0.5666666666666667,10,Human,0,0,0,10,-0.5666666666666667,-0.5666666666666667,"-0.5666586071612059,-0.9358295809578329"
0.9833333333333333,11,Human,1,0,0,50,-0.9833333333333333,-0.9833333333333333,"-0.6717433522493673,-0.9941098420579593"
0.6333333333333333,12,Human,0,0,0,15,-0.6333333333333333,-0.6333333333333333,"-0.6334031898476147,-0.9756557213233781"
1.05,13,Human,1,0,0,20,-1.05,-1.05,"-0.6502058765389838,-1.0135421053211993"
0.65,14,Human,0,0,0,25,-0.65,-0.65,"-0.65077536986806,-0.9881989871217327"
0.65,15,Human,0,0,0,30,-0.65,-0.65,"-0.6502931676454677,-1.02449001007608"
0.5,16,Human,0,0,0,5,-0.5,-0.5,"-0.5001881139228742,-0.8332501162666669"
0.65,17,Human,0,0,0,32,-0.65,-0.65,"-0.6573548785392276,-0.979945989937562"
0.55,18,Human,0,0,0,8,-0.55,-0.55,"-0.5500941874463888,-0.8857951425740802"
0.6833333333333333,19,Human,0,0,0,38,-0.6833333333333333,-0.6833333333333333,"-0.6863367438759184,-1.0832357208685004"
