travel_time,id,kind,action,origin,destination,start_time,reward,reward_right,cost_table
0.65,0,Human,0,0,0,12,-0.65,-0.65,"-0.649997887406034,-1.0548058077593603"
0.65,1,Human,0,0,0,35,-0.65,-0.65,"-0.6677631198505813,-1.0314560952773293"
0.55,2,Human,0,0,0,7,-0.55,-0.55,"-0.5498717100544264,-0.8992622167676246"
0.7833333333333333,3,Human,0,0,0,44,-0.7833333333333333,-0.7833333333333333,"-0.7265219457371326,-1.1083583658672576"
0.6333333333333333,4,Human,0,0,0,28,-0.6333333333333333,-0.6333333333333333,"-0.640724691957398,-1.00798138053564"
0.4666666666666667,5,Human,0,0,0,3,-0.4666666666666667,-0.4666666666666667,"-0.4666666666666666,-0.8347715697732268"
0.8166666666666667,6,Human,0,0,0,40,-0.8166666666666667,-0.8166666666666667,"-0.7604223508425815,-1.1379506585111758"
0.6666666666666666,7,Human,0,0,0,22,-0.6666666666666666,-0.6666666666666666,"-0.6870829949631269,-1.1052119120490225"
0.7333333333333333,8,Human,0,0,0,49,-0.7333333333333333,-0.7333333333333333,"-0.6881980161557839,-1.0589136840361033"
0.6333333333333333,9,Human,0,0,0,18,-0.6333333333333333,-0.6333333333333333,"-0.6335307971416863,-1.0071417408853338"
0.5666666666666667,10,Human,0,0,0,10,-0.5666666666666667,-0.5666666666666667,"-0.5666666666666664,-0.9390158962799413"
0.75,11,Human,0,0,0,50,-0.75,-0.75,"-0.7053962746882968,-1.0050051735630496"
0.6333333333333333,12,Human,0,0,0,15,-0.6333333333333333,-0.6333333333333333,"-0.6318599600816511,-0.9687664220900034"
0.65,13,Human,0,0,0,20,-0.65,-0.65,"-0.6518234133644127,-1.0365493124287914"
1.0,14,Human,1,0,0,25,-1.0,-1.0,"-0.6590367125833457,-0.9948577777360135"
0.6333333333333333,15,Human,0,0,0,30,-0.6333333333333333,-0.6333333333333333,"-0.6523861822163998,-1.016693238288308"
0.5,16,Human,0,0,0,5,-0.5,-0.5,"-0.503533430495787,-0.8544115182933336"
0.65,17,Human,0,0,0,32,-0.65,-0.65,"-0.6694076761868488,-1.0059475167313434"
0.55,18,Human,0,0,0,8,-0.55,-0.55,"-0.5517667152478946,-0.8862434575400961"
0.6833333333333333,19,Human,0,0,0,38,-0.6833333333333333,-0.6833333333333333,"-0.6957546613878253,-1.0832860181119983"
