travel_time,id,kind,action,origin,destination,start_time,reward,reward_right,cost_table
0.65,0,Human,0,0,0,12,-0.65,-0.65,"-0.6498723135455939,-1.0130504028160003"
0.7666666666666667,1,Human,0,0,0,35,-0.7666666666666667,-0.7666666666666667,"-0.6806092505853366,-1.0213839322043736"
0.9333333333333333,2,Human,1,0,0,7,-0.9333333333333333,-0.9333333333333333,"-0.5474468952276249,-0.9037817392704172"
0.7333333333333333,3,Human,0,0,0,44,-0.7333333333333333,-0.7333333333333333,"-0.7123130796748387,-1.1013935328482143"
0.7,4,Human,0,0,0,28,-0.7,-0.7,"-0.6551840971473947,-1.007108784697399"
0.4666666666666667,5,Human,0,0,0,3,-0.4666666666666667,-0.4666666666666667,"-0.4666666666666666,-0.8570914950228653"
0.7666666666666667,6,Human,0,0,0,40,-0.7666666666666667,-0.7666666666666667,"-0.7451672656799762,-1.1422571846945972"
0.7333333333333333,7,Human,0,0,0,22,-0.7333333333333333,-0.7333333333333333,"-0.6968998584837931,-1.0898030708080642"
0.7,8,Human,0,0,0,49,-0.7,-0.7,"-0.6778824895316873,-1.0607129233123846"
0.6333333333333333,9,Human,0,0,0,18,-0.6333333333333333,-0.6333333333333333,"-0.6347672670489549,-1.0388368426188803"
0.5666666666666667,10,Human,0,0,0,10,-0.5666666666666667,-0.5666666666666667,"-0.5666664398117555,-0.9419969980995997"
0.7166666666666667,11,Human,0,0,0,50,-0.7166666666666667,-0.7166666666666667,"-0.6941802595248364,-0.9941098420579593"
0.9833333333333333,12,Human,1,0,0,15,-0.9833333333333333,-0.9833333333333333,"-0.6331741125166866,-0.9771912437253691"
0.65,13,Human,0,0,0,20,-0.65,-0.65,"-0.6508784492608548,-1.0135421053211993"
0.7166666666666667,14,Human,0,0,0,25,-0.7166666666666667,-0.7166666666666667,"-0.6716139634589512,-0.9881989871217327"
0.7666666666666667,15,Human,0,0,0,30,-0.7666666666666667,-0.7666666666666667,"-0.6794346724318227,-1.02449001007608"
0.5333333333333333,16,Human,0,0,0,5,-0.5333333333333333,-0.5333333333333333,"-0.5066709026156316,-0.8332501162666669"
0.7666666666666667,17,Human,0,0,0,32,-0.7666666666666667,-0.7666666666666667,"-0.6809937328306059,-0.979945989937562"
0.5666666666666667,18,Human,0,0,0,8,-0.5666666666666667,-0.5666666666666667,"-0.5533366472594933,-0.8969088912474115"
0.7666666666666667,19,Human,0,0,0,38,-0.7666666666666667,-0.7666666666666667,"-0.7105110898390611,-1.0832357208685004"
