travel_time,id,kind,action,origin,destination,start_time,reward,reward_right,cost_table
0.65,0,Human,0,0,0,12,-0.65,-0.65,"-0.6322633670471408,-0.7619626666666668"
1.0333333333333334,1,Human,0,0,0,35,-1.0333333333333334,-1.0333333333333334,"-0.8618954056499202,-0.8987695786666667"
0.55,2,Human,0,0,0,7,-0.55,-0.55,"-0.5128749674971137,-0.6794837333333335"
1.0666666666666667,3,Human,1,0,0,44,-1.0666666666666667,-1.0666666666666667,"-0.9151736197120004,-0.993338989226667"
0.65,4,Human,0,0,0,28,-0.65,-0.65,"-0.8699070900224002,-0.9360616704000002"
0.4666666666666667,5,Human,0,0,0,3,-0.4666666666666667,-0.4666666666666667,"-0.4502472930252118,-0.6517728000000002"
1.0,6,Human,0,0,0,40,-1.0,-1.0,"-0.9704622612480001,-1.0433908787200004"
1.1333333333333333,7,Human,1,0,0,22,-1.1333333333333333,-1.1333333333333333,"-1.0377291178666668,-1.0592738738176002"
1.1,8,Human,0,0,0,49,-1.1,-1.1,"-0.9965392902826669,-0.9763518208000003"
0.65,9,Human,0,0,0,18,-0.65,-0.65,"-0.6777571011761495,-0.8506197333333335"
0.5666666666666667,10,Human,0,0,0,10,-0.5666666666666667,-0.5666666666666667,"-0.5417444031037442,-0.7606523733333334"
1.0166666666666666,11,Human,1,0,0,50,-1.0166666666666666,-1.0166666666666666,"-0.9759084192426669,-0.9575063637333335"
0.9833333333333333,12,Human,1,0,0,15,-0.9833333333333333,-0.9833333333333333,"-0.6531042628676269,-0.8558064213333335"
0.65,13,Human,0,0,0,20,-0.65,-0.65,"-0.8761404248746669,-0.9598204569600002"
1.1166666666666667,14,Human,1,0,0,25,-1.1166666666666667,-1.1166666666666667,"-0.8993711097446402,-0.894511402666667"
0.6333333333333333,15,Human,0,0,0,30,-0.6333333333333333,-0.6333333333333333,"-0.887806500727467,-0.9301996288000003"
0.5,16,Human,0,0,0,5,-0.5,-0.5,"-0.4949207072451245,-0.7049109333333334"
1.05,17,Human,0,0,0,32,-1.05,-1.05,"-0.8964114414933335,-0.9526766264320004"
0.55,18,Human,0,0,0,8,-0.55,-0.55,"-0.536489861823966,-0.6967722666666667"
1.1166666666666667,19,Human,1,0,0,38,-1.1166666666666667,-1.1166666666666667,"-0.9815497216000001,-1.0242728779093335"
