travel_time,id,kind,action,origin,destination,start_time,reward,reward_right,cost_table
0.65,0,Human,0,0,0,12,-0.65,-0.65,"-0.6386485549101701,-0.8362368000000001"
0.6833333333333333,1,Human,0,0,0,35,-0.6833333333333333,-0.6833333333333333,"-0.8440904476927593,-0.8987695786666667"
0.9333333333333333,2,Human,1,0,0,7,-0.9333333333333333,-0.9333333333333333,"-0.520299973997691,-0.7708695893333335"
1.1166666666666667,3,Human,1,0,0,44,-1.1166666666666667,-1.1166666666666667,"-0.9637111166156804,-1.018004524714667"
1.0166666666666666,4,Human,1,0,0,28,-1.0166666666666666,-1.0166666666666666,"-0.8980738709476696,-0.9521826696533335"
0.4666666666666667,5,Human,0,0,0,3,-0.4666666666666667,-0.4666666666666667,"-0.4582599473622418,-0.6517728000000002"
0.7,6,Human,0,0,0,40,-0.7,-0.7,"-0.9450958471987202,-1.0680460363093336"
0.7333333333333333,7,Human,0,0,0,22,-0.7333333333333333,-0.7333333333333333,"-1.013479968768,-1.0807524323874136"
1.0833333333333333,8,Human,1,0,0,49,-1.0833333333333333,-1.0833333333333333,"-1.010564765559467,-1.0148651653120004"
0.6333333333333333,9,Human,0,0,0,18,-0.6333333333333333,-0.6333333333333333,"-0.6560783024688553,-0.8506197333333335"
0.5666666666666667,10,Human,0,0,0,10,-0.5666666666666667,-0.5666666666666667,"-0.5539064677224504,-0.7606523733333334"
1.0833333333333333,11,Human,1,0,0,50,-1.0833333333333333,-1.0833333333333333,"-1.0172480549819736,-0.9826717576533336"
0.6333333333333333,12,Human,0,0,0,15,-0.6333333333333333,-0.6333333333333333,"-0.640789382588225,-0.8558064213333335"
0.65,13,Human,0,0,0,20,-0.65,-0.65,"-0.794729871919787,-0.9778563655680002"
0.7166666666666667,14,Human,0,0,0,25,-0.7166666666666667,-0.7166666666666667,"-0.8628302211290455,-0.9538206310400004"
0.6666666666666666,15,Human,0,0,0,30,-0.6666666666666666,-0.6666666666666666,"-0.843578533915307,-0.9779944290986669"
0.5333333333333333,16,Human,0,0,0,5,-0.5333333333333333,-0.5333333333333333,"-0.5093994021095037,-0.7049109333333334"
0.6833333333333333,17,Human,0,0,0,32,-0.6833333333333333,-0.6833333333333333,"-0.8143699892224002,-0.968807967812267"
0.5666666666666667,18,Human,0,0,0,8,-0.5666666666666667,-0.5666666666666667,"-0.5446868449006717,-0.7540844800000001"
0.6833333333333333,19,Human,0,0,0,38,-0.6833333333333333,-0.6833333333333333,"-0.9522867907925335,-1.0242728779093335"
