travel_time,id,kind,action,origin,destination,start_time,reward,reward_right,cost_table
0.6333333333333333,0,Human,0,0,0,12,-0.6333333333333333,-0.6333333333333333,"-0.6393372135620182,-0.8213045333333334"
0.65,1,Human,0,0,0,35,-0.65,-0.65,"-0.7627385923169816,-0.9602797824000002"
0.55,2,Human,0,0,0,7,-0.55,-0.55,"-0.5325227086623349,-0.7571921066666668"
0.9333333333333333,3,Human,0,0,0,44,-0.9333333333333333,-0.9333333333333333,"-0.9083386297821868,-1.0815801987148461"
0.6666666666666666,4,Human,0,0,0,28,-0.6666666666666666,-0.6666666666666666,"-0.7853459210065239,-0.989165327223467"
0.4666666666666667,5,Human,0,0,0,3,-0.4666666666666667,-0.4666666666666667,"-0.4623624263828012,-0.7028849066666668"
0.9666666666666667,6,Human,0,0,0,40,-0.9666666666666667,-0.9666666666666667,"-0.9536654299747673,-1.1026627128661337"
0.6833333333333333,7,Human,0,0,0,22,-0.6833333333333333,-0.6833333333333333,"-0.808097619905195,-1.0746922981376001"
1.0833333333333333,8,Human,1,0,0,49,-1.0833333333333333,-1.0833333333333333,"-0.9388617668444164,-1.0367785338716162"
1.0833333333333333,9,Human,1,0,0,18,-1.0833333333333333,-1.0833333333333333,"-0.748594004208693,-0.9459132160000002"
0.5666666666666667,10,Human,0,0,0,10,-0.5666666666666667,-0.5666666666666667,"-0.5615958011362321,-0.7674824533333334"
0.8666666666666667,11,Human,0,0,0,50,-0.8666666666666667,-0.8666666666666667,"-0.8564868770998957,-0.9992365793553069"
0.6166666666666667,12,Human,0,0,0,15,-0.6166666666666667,-0.6166666666666667,"-0.6670116066600253,-0.8116017066666669"
0.6666666666666666,13,Human,0,0,0,20,-0.6666666666666666,-0.6666666666666666,"-0.7202254485336476,-0.832918826666667"
0.6666666666666666,14,Human,0,0,0,25,-0.6666666666666666,-0.6666666666666666,"-0.7647236862976374,-0.9558481459200003"
1.0333333333333334,15,Human,1,0,0,30,-1.0333333333333334,-1.0333333333333334,"-0.7707581491696984,-0.9919693377536002"
0.5,16,Human,0,0,0,5,-0.5,-0.5,"-0.49891739698365745,-0.7060874666666668"
0.65,17,Human,0,0,0,32,-0.65,-0.65,"-0.7630463526946082,-0.9212218931200004"
0.55,18,Human,0,0,0,8,-0.55,-0.55,"-0.5489095346231437,-0.7114880000000001"
0.9666666666666667,19,Human,0,0,0,38,-0.9666666666666667,-0.9666666666666667,"-0.9024654092286911,-1.026864422570667"
