travel_time,id,kind,action,origin,destination,start_time,reward,reward_right,cost_table
0.65,0,Human,0,0,0,12,-0.65,-0.65,"-0.6479073345310878,-0.8956561066666668"
0.65,1,Human,0,0,0,35,-0.65,-0.65,"-0.6922146510793268,-0.9323489962666668"
0.55,2,Human,0,0,0,7,-0.55,-0.55,"-0.5414224461579281,-0.7708695893333335"
0.7166666666666667,3,Human,0,0,0,44,-0.7166666666666667,-0.7166666666666667,"-0.807734949563281,-1.0848946533231276"
0.65,4,Human,0,0,0,28,-0.65,-0.65,"-0.6782548107102475,-0.9521826696533335"
0.4666666666666667,5,Human,0,0,0,3,-0.4666666666666667,-0.4666666666666667,"-0.4655383359016931,-0.7351345920000001"
0.7666666666666667,6,Human,0,0,0,40,-0.7666666666666667,-0.7666666666666667,"-0.8006747336199143,-1.1035494632379736"
0.6666666666666666,7,Human,0,0,0,22,-0.6666666666666666,-0.6666666666666666,"-0.7254234587815522,-1.1023482233946114"
0.7833333333333333,8,Human,0,0,0,49,-0.7833333333333333,-0.7833333333333333,"-0.8010940985889237,-1.0528087717117955"
0.6333333333333333,9,Human,0,0,0,18,-0.6333333333333333,-0.6333333333333333,"-0.6452210410246401,-0.9038291200000003"
0.5666666666666667,10,Human,0,0,0,10,-0.5666666666666667,-0.5666666666666667,"-0.564954021755546,-0.8348175189333334"
0.7833333333333333,11,Human,0,0,0,50,-0.7833333333333333,-0.7833333333333333,"-0.7793985126334892,-1.0337556852681389"
0.6333333333333333,12,Human,0,0,0,15,-0.6333333333333333,-0.6333333333333333,"-0.6368514799926784,-0.8813118037333335"
1.05,13,Human,1,0,0,20,-1.05,-1.05,"-0.676781730582805,-1.0171614072968536"
0.6666666666666666,14,Human,0,0,0,25,-0.6666666666666666,-0.6666666666666666,"-0.721218495245431,-0.9939561630924805"
0.65,15,Human,0,0,0,30,-0.65,-0.65,"-0.685702641129347,-0.9890622099456002"
0.5,16,Human,0,0,0,5,-0.5,-0.5,"-0.5010092531165569,-0.7539287466666669"
0.9833333333333333,17,Human,1,0,0,32,-0.9833333333333333,-0.9833333333333333,"-0.7070487934643523,-0.9849630128532141"
0.55,18,Human,0,0,0,8,-0.55,-0.55,"-0.5495436034521963,-0.7540844800000001"
0.6833333333333333,19,Human,0,0,0,38,-0.6833333333333333,-0.6833333333333333,"-0.7271209940250019,-1.0427516356608002"
