travel_time,id,kind,action,origin,destination,start_time,reward,reward_right,cost_table
0.6666666666666666,0,Human,0,0,0,12,-0.6666666666666666,-0.6666666666666666,"-0.6524970045548181,-0.8770436266666668"
0.7833333333333333,1,Human,0,0,0,35,-0.7833333333333333,-0.7833333333333333,"-0.699600324779903,-0.9602797824000002"
0.5333333333333333,2,Human,0,0,0,7,-0.5333333333333333,-0.5333333333333333,"-0.5446930002464945,-0.7924203520000002"
0.7666666666666667,3,Human,0,0,0,44,-0.7666666666666667,-0.7666666666666667,"-0.7402010639541626,-1.0962113271775016"
0.7833333333333333,4,Human,0,0,0,28,-0.7833333333333333,-0.7833333333333333,"-0.6830387865007286,-0.989165327223467"
0.9,5,Human,1,0,0,3,-0.9,-0.9,"-0.46658912836691263,-0.7423079253333336"
0.8,6,Human,0,0,0,40,-0.8,-0.8,"-0.7767424992866072,-1.1263708029009925"
0.8166666666666667,7,Human,0,0,0,22,-0.8166666666666667,-0.8166666666666667,"-0.7163525865885029,-1.0746922981376001"
0.7166666666666667,8,Human,0,0,0,49,-0.7166666666666667,-0.7166666666666667,"-0.7006703789273203,-1.0508715950111678"
0.8,9,Human,0,0,0,18,-0.8,-0.8,"-0.6717984968979154,-0.9733972394666669"
0.55,10,Human,0,0,0,10,-0.55,-0.55,"-0.5631906011576252,-0.8673510161066669"
0.7333333333333333,11,Human,0,0,0,50,-0.7333333333333333,-0.7333333333333333,"-0.7233274849651146,-0.9979806362372672"
0.65,12,Human,0,0,0,15,-0.65,-0.65,"-0.6368093194186955,-0.8932734071466669"
0.8,13,Human,0,0,0,20,-0.8,-0.8,"-0.6833549994740873,-0.9367211059200002"
0.8,14,Human,0,0,0,25,-0.8,-0.8,"-0.6947344630021595,-0.9773942507110405"
0.7833333333333333,15,Human,0,0,0,30,-0.7833333333333333,-0.7833333333333333,"-0.6982904641648027,-1.0121549675965102"
0.5,16,Human,0,0,0,5,-0.5,-0.5,"-0.5001044940363321,-0.7060874666666668"
0.7833333333333333,17,Human,0,0,0,32,-0.7833333333333333,-0.7833333333333333,"-0.7012388490567492,-0.9603322759441071"
0.9,18,Human,1,0,0,8,-0.9,-0.9,"-0.5500865873686408,-0.8157485226666669"
0.7833333333333333,19,Human,0,0,0,38,-0.7833333333333333,-0.7833333333333333,"-0.7404672864336295,-1.063487917689515"
