travel_time,id,kind,action,origin,destination,start_time,reward,reward_right,cost_table
0.65,0,Human,0,0,0,12,-0.65,-0.65,"-0.6520412969326889,-0.9365248853333334"
0.65,1,Human,0,0,0,35,-0.65,-0.65,"-0.7048190009500785,-0.9592125303466669"
0.55,2,Human,0,0,0,7,-0.55,-0.55,"-0.5427008708206753,-0.7708695893333335"
0.7,3,Human,0,0,0,44,-0.7,-0.7,"-0.7396462619000546,-1.1012490559918355"
0.6333333333333333,4,Human,0,0,0,28,-0.6333333333333333,-0.6333333333333333,"-0.6899626492580933,-0.9753969085781337"
0.4666666666666667,5,Human,0,0,0,3,-0.4666666666666667,-0.4666666666666667,"-0.46661704215482414,-0.7647743402666667"
0.7333333333333333,6,Human,0,0,0,40,-0.7333333333333333,-0.7333333333333333,"-0.7712946107995928,-1.1228395705903789"
0.6833333333333333,7,Human,0,0,0,22,-0.6833333333333333,-0.6833333333333333,"-0.740844597495546,-1.1023482233946114"
0.6666666666666666,8,Human,0,0,0,49,-0.6666666666666666,-0.6666666666666666,"-0.7116428244619922,-1.0528087717117955"
0.6333333333333333,9,Human,0,0,0,18,-0.6333333333333333,-0.6333333333333333,"-0.643263306913368,-0.939729962666667"
0.5666666666666667,10,Human,0,0,0,10,-0.5666666666666667,-0.5666666666666667,"-0.566606408330858,-0.8348175189333334"
0.6833333333333333,11,Human,0,0,0,50,-0.6833333333333333,-0.6833333333333333,"-0.7369679748401006,-1.023671214881178"
0.6333333333333333,12,Human,0,0,0,15,-0.6333333333333333,-0.6333333333333333,"-0.6422648111217778,-0.9017161096533335"
0.65,13,Human,0,0,0,20,-0.65,-0.65,"-0.6529049650406751,-1.0171614072968536"
0.65,14,Human,0,0,0,25,-0.65,-0.65,"-0.6589947150166985,-0.9951649304739845"
0.65,15,Human,0,0,0,30,-0.65,-0.65,"-0.6993061928452017,-1.0049998143651844"
0.5,16,Human,0,0,0,5,-0.5,-0.5,"-0.5000355099371848,-0.7539287466666669"
0.65,17,Human,0,0,0,32,-0.65,-0.65,"-0.7056982105882325,-1.0030429948927237"
0.55,18,Human,0,0,0,8,-0.55,-0.55,"-0.5499799274675528,-0.7899342506666668"
0.6833333333333333,19,Human,0,0,0,38,-0.6833333333333333,-0.6833333333333333,"-0.7293785473311193,-1.0427516356608002"
