travel_time,id,kind,action,origin,destination,start_time,reward,reward_right,cost_table
0.6333333333333333,0,Human,0,0,0,12,-0.6333333333333333,-0.6333333333333333,"-0.6474848851191896,-0.8770436266666668"
0.65,1,Human,0,0,0,35,-0.65,-0.65,"-0.6918530344238788,-0.9602797824000002"
0.55,2,Human,0,0,0,7,-0.55,-0.55,"-0.5482610023207714,-0.7924203520000002"
0.9333333333333333,3,Human,0,0,0,44,-0.9333333333333333,-0.9333333333333333,"-0.7769064179698335,-1.0962113271775016"
0.6666666666666666,4,Human,0,0,0,28,-0.6666666666666666,-0.6666666666666666,"-0.6584208162272255,-0.989165327223467"
0.4666666666666667,5,Human,0,0,0,3,-0.4666666666666667,-0.4666666666666667,"-0.4666412589166033,-0.7423079253333336"
0.9666666666666667,6,Human,0,0,0,40,-0.9666666666666667,-0.9666666666666667,"-0.8091576488329024,-1.1263708029009925"
0.6833333333333333,7,Human,0,0,0,22,-0.6833333333333333,-0.6833333333333333,"-0.6920197489066541,-1.0746922981376001"
1.0833333333333333,8,Human,1,0,0,49,-1.0833333333333333,-1.0833333333333333,"-0.7019279205419638,-1.057363942675601"
1.0833333333333333,9,Human,1,0,0,18,-1.0833333333333333,-1.0833333333333333,"-0.651755330996053,-0.9953844582400002"
0.5666666666666667,10,Human,0,0,0,10,-0.5666666666666667,-0.5666666666666667,"-0.5655276295206639,-0.8673510161066669"
0.8666666666666667,11,Human,0,0,0,50,-0.8666666666666667,-0.8666666666666667,"-0.7501719502733689,-0.9979806362372672"
0.6166666666666667,12,Human,0,0,0,15,-0.6166666666666667,-0.6166666666666667,"-0.6314237639005644,-0.9112853923840002"
0.6666666666666666,13,Human,0,0,0,20,-0.6666666666666666,-0.6666666666666666,"-0.6669955411179196,-0.956043551402667"
0.6666666666666666,14,Human,0,0,0,25,-0.6666666666666666,-0.6666666666666666,"-0.667991922169881,-0.9773942507110405"
1.0333333333333334,15,Human,1,0,0,30,-1.0333333333333334,-1.0333333333333334,"-0.6697797741219033,-1.016390640743875"
0.5,16,Human,0,0,0,5,-0.5,-0.5,"-0.5000342406058254,-0.7060874666666668"
0.65,17,Human,0,0,0,32,-0.65,-0.65,"-0.694523279392249,-0.9603322759441071"
0.55,18,Human,0,0,0,8,-0.55,-0.55,"-0.5500283729489563,-0.8157485226666669"
0.9666666666666667,19,Human,0,0,0,38,-0.9666666666666667,-0.9666666666666667,"-0.7800549870852386,-1.063487917689515"
