travel_time,id,kind,action,origin,destination,start_time,reward,reward_right,cost_table
0.65,0,Human,0,0,0,12,-0.65,-0.65,"-0.6508361152236294,-0.9692199082666668"
0.65,1,Human,0,0,0,35,-0.65,-0.65,"-0.6838350902313219,-0.9592125303466669"
0.55,2,Human,0,0,0,7,-0.55,-0.55,"-0.5462628458601859,-0.8293565371733335"
0.7,3,Human,0,0,0,44,-0.7,-0.7,"-0.7118179537660767,-1.1012490559918355"
0.6333333333333333,4,Human,0,0,0,28,-0.6333333333333333,-0.6333333333333333,"-0.6712816275755588,-0.9753969085781337"
0.4666666666666667,5,Human,0,0,0,3,-0.4666666666666667,-0.4666666666666667,"-0.46665040570662614,-0.7647743402666667"
0.7333333333333333,6,Human,0,0,0,40,-0.7333333333333333,-0.7333333333333333,"-0.7472658180668106,-1.1228395705903789"
0.6833333333333333,7,Human,0,0,0,22,-0.6833333333333333,-0.6833333333333333,"-0.7096666243740073,-1.1023482233946114"
0.6666666666666666,8,Human,0,0,0,49,-0.6666666666666666,-0.6666666666666666,"-0.6962311207197057,-1.0528087717117955"
0.6333333333333333,9,Human,0,0,0,18,-0.6333333333333333,-0.6333333333333333,"-0.6365871870760392,-0.939729962666667"
0.5666666666666667,10,Human,0,0,0,10,-0.5666666666666667,-0.5666666666666667,"-0.5666469212151889,-0.8348175189333334"
0.6833333333333333,11,Human,0,0,0,50,-0.6833333333333333,-0.6833333333333333,"-0.7174620824945054,-1.0256036385716092"
0.6333333333333333,12,Human,0,0,0,15,-0.6333333333333333,-0.6333333333333333,"-0.6348946666417177,-0.9017161096533335"
0.65,13,Human,0,0,0,20,-0.65,-0.65,"-0.6511898736806606,-1.023729125837483"
0.65,14,Human,0,0,0,25,-0.65,-0.65,"-0.6723393882166717,-0.9951649304739845"
0.65,15,Human,0,0,0,30,-0.65,-0.65,"-0.6738366532715158,-1.0049998143651844"
0.5,16,Human,0,0,0,5,-0.5,-0.5,"-0.5076916358962168,-0.7539287466666669"
0.65,17,Human,0,0,0,32,-0.65,-0.65,"-0.68721398705694,-0.9991010625808457"
0.55,18,Human,0,0,0,8,-0.55,-0.55,"-0.5538334226325677,-0.7899342506666668"
0.6833333333333333,19,Human,0,0,0,38,-0.6833333333333333,-0.6833333333333333,"-0.706357429056128,-1.0427516356608002"
