travel_time,id,kind,action,origin,destination,start_time,reward,reward_right,cost_table
0.65,0,Human,0,0,0,12,-0.65,-0.65,"-0.6505351137431229,-0.9692199082666668"
0.6833333333333333,1,Human,0,0,0,35,-0.6833333333333333,-0.6833333333333333,"-0.6836544577480462,-0.9592125303466669"
0.9333333333333333,2,Human,1,0,0,7,-0.9333333333333333,-0.9333333333333333,"-0.5470102766881487,-0.8501518964053335"
0.6833333333333333,3,Human,0,0,0,44,-0.6833333333333333,-0.6833333333333333,"-0.7202301570769558,-1.1012490559918355"
0.7,4,Human,0,0,0,28,-0.7,-0.7,"-0.6762869083150244,-0.9753969085781337"
0.4666666666666667,5,Human,0,0,0,3,-0.4666666666666667,-0.4666666666666667,"-0.4666562596522408,-0.7647743402666667"
0.7166666666666667,6,Human,0,0,0,40,-0.7166666666666667,-0.7166666666666667,"-0.7362501235627588,-1.1228395705903789"
0.7333333333333333,7,Human,0,0,0,22,-0.7333333333333333,-0.7333333333333333,"-0.7143999661658724,-1.1052119120490225"
0.65,8,Human,0,0,0,49,-0.65,-0.65,"-0.6955879172606116,-1.0528087717117955"
0.6333333333333333,9,Human,0,0,0,18,-0.6333333333333333,-0.6333333333333333,"-0.6354157997286652,-0.939729962666667"
0.5666666666666667,10,Human,0,0,0,10,-0.5666666666666667,-0.5666666666666667,"-0.5666540295777209,-0.8348175189333334"
0.6666666666666666,11,Human,0,0,0,50,-0.6666666666666666,-0.6666666666666666,"-0.7125090661298168,-1.0256036385716092"
0.6333333333333333,12,Human,0,0,0,15,-0.6333333333333333,-0.6333333333333333,"-0.6343325866506994,-0.9017161096533335"
0.65,13,Human,0,0,0,20,-0.65,-0.65,"-0.6507615191556229,-1.023729125837483"
0.7166666666666667,14,Human,0,0,0,25,-0.7166666666666667,-0.7166666666666667,"-0.6776305417920032,-0.9951649304739845"
0.6833333333333333,15,Human,0,0,0,30,-0.6833333333333333,-0.6833333333333333,"-0.6719221247604369,-1.0049998143651844"
0.5333333333333333,16,Human,0,0,0,5,-0.5333333333333333,-0.5333333333333333,"-0.5115893136402455,-0.7539287466666669"
0.7,17,Human,0,0,0,32,-0.7,-0.7,"-0.6864836183831083,-0.9991010625808457"
0.5666666666666667,18,Human,0,0,0,8,-0.5666666666666667,-0.5666666666666667,"-0.5557867238181767,-0.7899342506666668"
0.7,19,Human,0,0,0,38,-0.7,-0.7,"-0.7014020879292553,-1.0427516356608002"
