travel_time,id,kind,action,origin,destination,start_time,reward,reward_right,cost_table
1.1,0,Human,1,0,0,12,-1.1,-1.1,"-0.649985153382233,-1.0130504028160003"
0.75,1,Human,0,0,0,35,-0.75,-0.75,"-0.6871294249697834,-0.9602797824000002"
0.55,2,Human,0,0,0,7,-0.55,-0.55,"-0.5456453950921276,-0.8206029482666668"
0.7,3,Human,0,0,0,44,-0.7,-0.7,"-0.6994791881976455,-1.0962113271775016"
0.65,4,Human,0,0,0,28,-0.65,-0.65,"-0.6510232421424725,-0.989165327223467"
0.4666666666666667,5,Human,0,0,0,3,-0.4666666666666667,-0.4666666666666667,"-0.4666665706789009,-0.7930770722133335"
0.7333333333333333,6,Human,0,0,0,40,-0.7333333333333333,-0.7333333333333333,"-0.7329097974022876,-1.1348773138566353"
0.6666666666666666,7,Human,0,0,0,22,-0.6666666666666666,-0.6666666666666666,"-0.6892709831867333,-1.0746922981376001"
0.6666666666666666,8,Human,0,0,0,49,-0.6666666666666666,-0.6666666666666666,"-0.6655851776320858,-1.057363942675601"
0.6333333333333333,9,Human,0,0,0,18,-0.6333333333333333,-0.6333333333333333,"-0.6368954214348524,-0.9953844582400002"
0.5666666666666667,10,Human,0,0,0,10,-0.5666666666666667,-0.5666666666666667,"-0.5666765056211238,-0.8673510161066669"
0.6666666666666666,11,Human,0,0,0,50,-0.6666666666666666,-0.6666666666666666,"-0.6789999700270116,-0.9983845089898138"
0.6166666666666667,12,Human,0,0,0,15,-0.6166666666666667,-0.6166666666666667,"-0.6335088657787695,-0.9605559844590936"
0.65,13,Human,0,0,0,20,-0.65,-0.65,"-0.6513679859755616,-0.9715015077888003"
0.6666666666666666,14,Human,0,0,0,25,-0.6666666666666666,-0.6666666666666666,"-0.6676343220791909,-0.9773942507110405"
0.65,15,Human,0,0,0,30,-0.65,-0.65,"-0.6570575468625535,-1.016390640743875"
0.5,16,Human,0,0,0,5,-0.5,-0.5,"-0.501747730152548,-0.7582033066666668"
0.65,17,Human,0,0,0,32,-0.65,-0.65,"-0.6625826896393279,-0.9603322759441071"
0.55,18,Human,0,0,0,8,-0.55,-0.55,"-0.550699119268248,-0.8157485226666669"
0.7333333333333333,19,Human,0,0,0,38,-0.7333333333333333,-0.7333333333333333,"-0.7014031657827802,-1.0779724805236985"
