travel_time,id,kind,action,origin,destination,start_time,reward,reward_right,cost_table
0.65,0,Human,0,0,0,12,-0.65,-0.65,"-0.6500613418206727,-0.9987092599466669"
0.65,1,Human,0,0,0,35,-0.65,-0.65,"-0.6755227109234037,-0.980703357610667"
0.55,2,Human,0,0,0,7,-0.55,-0.55,"-0.5467885385935979,-0.8501518964053335"
0.7,3,Human,0,0,0,44,-0.7,-0.7,"-0.7102945121299088,-1.1043325781268019"
0.6333333333333333,4,Human,0,0,0,28,-0.6333333333333333,-0.6333333333333333,"-0.6538564476028143,-0.9902540214900057"
0.4666666666666667,5,Human,0,0,0,3,-0.4666666666666667,-0.4666666666666667,"-0.46666663521339563,-0.8074555777706668"
0.7333333333333333,6,Human,0,0,0,40,-0.7333333333333333,-0.7333333333333333,"-0.7436203897985099,-1.1228395705903789"
0.6833333333333333,7,Human,0,0,0,22,-0.6833333333333333,-0.6833333333333333,"-0.7009954061061112,-1.1052119120490225"
0.6666666666666666,8,Human,0,0,0,49,-0.6666666666666666,-0.6666666666666666,"-0.6760463573429892,-1.0528087717117955"
0.6333333333333333,9,Human,0,0,0,18,-0.6333333333333333,-0.6333333333333333,"-0.6334802332612592,-0.939729962666667"
0.5666666666666667,10,Human,0,0,0,10,-0.5666666666666667,-0.5666666666666667,"-0.566666628473409,-0.8822832121173335"
0.6833333333333333,11,Human,0,0,0,50,-0.6833333333333333,-0.6833333333333333,"-0.692770782480438,-1.0256036385716092"
0.6333333333333333,12,Human,0,0,0,15,-0.6333333333333333,-0.6333333333333333,"-0.6335983547741352,-0.9277649768448002"
0.65,13,Human,0,0,0,20,-0.65,-0.65,"-0.6496092646291092,-1.023729125837483"
0.65,14,Human,0,0,0,25,-0.65,-0.65,"-0.670656609080002,-0.9951649304739845"
0.65,15,Human,0,0,0,30,-0.65,-0.65,"-0.6528628758026257,-1.007333184825481"
0.5,16,Human,0,0,0,5,-0.5,-0.5,"-0.5000350265512284,-0.8305143978666669"
0.65,17,Human,0,0,0,32,-0.65,-0.65,"-0.6706547489142753,-0.9991010625808457"
0.55,18,Human,0,0,0,8,-0.55,-0.55,"-0.5500218616244839,-0.8572463363413335"
0.6833333333333333,19,Human,0,0,0,38,-0.6833333333333333,-0.6833333333333333,"-0.6986837361462204,-1.0542013085286401"
