travel_time,id,kind,action,origin,destination,start_time,reward,reward_right,cost_table
0.6333333333333333,0,Human,0,0,0,12,-0.6333333333333333,-0.6333333333333333,"-0.6459663406852448,-1.0130504028160003"
0.65,1,Human,0,0,0,35,-0.65,-0.65,"-0.7053061904934054,-1.0100632485888004"
0.55,2,Human,0,0,0,7,-0.55,-0.55,"-0.5456581374895945,-0.8611858868906668"
0.9166666666666666,3,Human,0,0,0,44,-0.9166666666666666,-0.9166666666666666,"-0.7461772430585382,-1.0969690617420014"
1.0333333333333334,4,Human,1,0,0,28,-1.0333333333333334,-1.0333333333333334,"-0.6816258437617787,-0.9979989284454402"
0.4666666666666667,5,Human,0,0,0,3,-0.4666666666666667,-0.4666666666666667,"-0.4666666584213804,-0.7930770722133335"
0.9666666666666667,6,Human,0,0,0,40,-0.9666666666666667,-0.9666666666666667,"-0.7945817237138831,-1.1348773138566353"
0.7,7,Human,0,0,0,22,-0.7,-0.7,"-0.7057759056253758,-1.0746922981376001"
0.8833333333333333,8,Human,0,0,0,49,-0.8833333333333333,-0.8833333333333333,"-0.7228742449059766,-1.057363942675601"
1.1,9,Human,1,0,0,18,-1.1,-1.1,"-0.6348190447052553,-1.027712719940267"
0.5666666666666667,10,Human,0,0,0,10,-0.5666666666666667,-0.5666666666666667,"-0.5666679872287799,-0.9064379836416002"
0.9,11,Human,0,0,0,50,-0.9,-0.9,"-0.7460122254579417,-0.998707607191851"
0.6166666666666667,12,Human,0,0,0,15,-0.6166666666666667,-0.6166666666666667,"-0.6294596071194802,-0.9651114542339416"
0.6666666666666666,13,Human,0,0,0,20,-0.6666666666666666,-0.6666666666666666,"-0.6528178906362425,-1.004427631651499"
1.0166666666666666,14,Human,1,0,0,25,-1.0166666666666666,-1.0166666666666666,"-0.6982865418487649,-0.9852487339021658"
1.0666666666666667,15,Human,1,0,0,30,-1.0666666666666667,-1.0666666666666667,"-0.6841604735241165,-1.0264458459284334"
0.5,16,Human,0,0,0,5,-0.5,-0.5,"-0.5078676610961858,-0.7998959786666668"
0.65,17,Human,0,0,0,32,-0.65,-0.65,"-0.6893644364899328,-0.9603322759441071"
0.55,18,Human,0,0,0,8,-0.55,-0.55,"-0.5539150673598284,-0.8425988181333335"
0.6666666666666666,19,Human,0,0,0,38,-0.6666666666666666,-0.6666666666666666,"-0.7113188837482917,-1.0779724805236985"
