travel_time,id,kind,action,origin,destination,start_time,reward,reward_right,cost_table
0.65,0,Human,0,0,0,12,-0.65,-0.65,"-0.649588013554926,-0.6674133333333334"
0.65,1,Human,0,0,0,35,-0.65,-0.65,"-0.6504248098061374,0.0"
0.55,2,Human,0,0,0,7,-0.55,-0.55,"-0.5496084655392195,-0.5544533333333335"
0.7,3,Human,0,0,0,44,-0.7,-0.7,"-0.7003255917578798,0.0"
0.6333333333333333,4,Human,0,0,0,28,-0.6333333333333333,-0.6333333333333333,"-0.6337808559989458,0.0"
0.4666666666666667,5,Human,0,0,0,3,-0.4666666666666667,-0.4666666666666667,"-0.4665455130733009,0.0"
0.7333333333333333,6,Human,0,0,0,40,-0.7333333333333333,-0.7333333333333333,"-0.7337524374856879,0.0"
0.6833333333333333,7,Human,0,0,0,22,-0.6833333333333333,-0.6833333333333333,"-0.6836501950175149,0.0"
0.6666666666666666,8,Human,0,0,0,49,-0.6666666666666666,-0.6666666666666666,"-0.6670727829187574,0.0"
0.6333333333333333,9,Human,0,0,0,18,-0.6333333333333333,-0.6333333333333333,"-0.633129077482902,0.0"
0.5666666666666667,10,Human,0,0,0,10,-0.5666666666666667,-0.5666666666666667,"-0.5665209037496484,0.0"
0.6833333333333333,11,Human,0,0,0,50,-0.6833333333333333,-0.6833333333333333,"-0.6830132946109696,-0.7397546666666668"
0.6333333333333333,12,Human,0,0,0,15,-0.6333333333333333,-0.6333333333333333,"-0.6331033611055147,0.0"
0.65,13,Human,0,0,0,20,-0.65,-0.65,"-0.6494829345964802,-0.7045706666666669"
0.65,14,Human,0,0,0,25,-0.65,-0.65,"-0.650458745811778,0.0"
0.65,15,Human,0,0,0,30,-0.65,-0.65,"-0.6500788527186379,-0.6947306666666667"
0.5,16,Human,0,0,0,5,-0.5,-0.5,"-0.4997468123484904,-0.56688"
0.65,17,Human,0,0,0,32,-0.65,-0.65,"-0.6501403418655503,-0.7063626666666667"
0.55,18,Human,0,0,0,8,-0.55,-0.55,"-0.549655522551735,-0.5758666666666667"
0.6833333333333333,19,Human,0,0,0,38,-0.6833333333333333,-0.6833333333333333,"-0.6837461434959214,0.0"
