travel_time,id,kind,action,origin,destination,start_time,reward,reward_right
1.85,1,AV,2,0,1,1807,-1.85,
4.416666666666667,5,AV,1,0,0,2100,-4.416666666666667,
3.7,2,AV,2,1,0,1065,-3.7,
1.75,6,AV,1,0,1,1598,-1.75,
2.0,0,Human,2,0,1,1022,-2.0,-1.9833333333333334
4.483333333333333,3,Human,2,1,0,1818,-4.483333333333333,-4.466666666666667
2.25,4,Human,0,1,1,1842,-2.25,-2.283333333333333
1.7666666666666666,7,Human,0,0,1,525,-1.7666666666666666,-1.7666666666666666
