travel_time,id,kind,action,origin,destination,start_time,reward,reward_right
1.85,1,AV,2,0,1,1807,-1.85,
3.6333333333333333,5,AV,2,0,0,2100,-3.6333333333333333,
3.183333333333333,2,AV,0,1,0,1065,-3.183333333333333,
1.7333333333333334,6,AV,1,0,1,1598,-1.7333333333333334,
2.0,0,Human,0,0,1,1022,-2.0,-1.9833333333333334
3.8833333333333333,3,Human,0,1,0,1818,-3.8833333333333333,-4.466666666666667
2.2666666666666666,4,Human,1,1,1,1842,-2.2666666666666666,-2.283333333333333
1.75,7,Human,1,0,1,525,-1.75,-1.7666666666666666
