travel_time,id,kind,action,origin,destination,start_time,reward,reward_right
1.85,1,AV,2,0,1,1807,-1.85,
3.683333333333333,5,AV,2,0,0,2100,-3.683333333333333,
3.183333333333333,2,AV,0,1,0,1065,-3.183333333333333,
1.75,6,AV,0,0,1,1598,-1.75,
2.0,0,Human,2,0,1,1022,-2.0,-1.9833333333333334
3.8833333333333333,3,Human,0,1,0,1818,-3.8833333333333333,-4.466666666666667
2.25,4,Human,0,1,1,1842,-2.25,-2.283333333333333
1.7666666666666666,7,Human,0,0,1,525,-1.7666666666666666,-1.7666666666666666
