travel_time,id,kind,action,origin,destination,start_time,reward,reward_right,cost_table
0.7,0,Human,0,0,0,12,-0.7,-0.7,"-0.6941869549069418,0.0"
0.6833333333333333,1,Human,0,0,0,35,-0.6833333333333333,-0.6833333333333333,"-0.696507949596126,-0.7687362952533334"
0.7333333333333333,2,Human,1,0,0,7,-0.7333333333333333,-0.7333333333333333,"-0.5382222668074715,-0.5756100266666668"
0.7,3,Human,0,0,0,44,-0.7,-0.7,"-0.7556237443345069,-0.8285015160832002"
0.65,4,Human,0,0,0,28,-0.65,-0.65,"-0.6675950835714186,-0.7237145600000001"
0.4666666666666667,5,Human,0,0,0,3,-0.4666666666666667,-0.4666666666666667,"-0.4612863663118348,-0.47062400000000004"
0.7333333333333333,6,Human,0,0,0,40,-0.7333333333333333,-0.7333333333333333,"-0.8081835317198287,0.0"
0.6833333333333333,7,Human,0,0,0,22,-0.6833333333333333,-0.6833333333333333,"-0.7212334073670318,-0.8112723558400001"
0.6666666666666666,8,Human,0,0,0,49,-0.6666666666666666,-0.6666666666666666,"-0.7257394852113068,-0.7844711652693336"
0.6833333333333333,9,Human,0,0,0,18,-0.6833333333333333,-0.6833333333333333,"-0.6788178955437488,0.0"
0.5833333333333334,10,Human,0,0,0,10,-0.5833333333333334,-0.5833333333333334,"-0.6023057712183525,0.0"
0.6833333333333333,11,Human,0,0,0,50,-0.6833333333333333,-0.6833333333333333,"-0.7802667919201303,0.0"
0.6833333333333333,12,Human,0,0,0,15,-0.6833333333333333,-0.6833333333333333,"-0.6328905183534123,-0.6551186773333335"
0.6833333333333333,13,Human,0,0,0,20,-0.6833333333333333,-0.6833333333333333,"-0.6813811970419155,-0.7063541333333334"
0.6666666666666666,14,Human,0,0,0,25,-0.6666666666666666,-0.6666666666666666,"-0.7454294154100447,0.0"
0.65,15,Human,0,0,0,30,-0.65,-0.65,"-0.6837408793881259,-0.7624815752533335"
0.5333333333333333,16,Human,0,0,0,5,-0.5333333333333333,-0.5333333333333333,"-0.5066472739935715,0.0"
0.6666666666666666,17,Human,0,0,0,32,-0.6666666666666666,-0.6666666666666666,"-0.7679763555729063,0.0"
0.5666666666666667,18,Human,0,0,0,8,-0.5666666666666667,-0.5666666666666667,"-0.55847741522942,0.0"
0.6833333333333333,19,Human,0,0,0,38,-0.6833333333333333,-0.6833333333333333,"-0.7541885979443202,-0.838424908458667"
