travel_time,id,kind,action,origin,destination,start_time,reward,reward_right,cost_table
1.6166666666666667,0,Human,0,0,0,12,-1.6166666666666667,-1.6166666666666667,"-0.7008266666666667,0.0"
0.8666666666666667,1,Human,1,0,0,35,-0.8666666666666667,-0.8666666666666667,"-0.234,-0.31200000000000006"
0.7,2,Human,1,0,0,7,-0.7,-0.7,"-0.19800000000000004,-0.252"
0.8833333333333333,3,Human,1,0,0,44,-0.8833333333333333,-0.8833333333333333,"-0.252,-0.318"
0.8333333333333334,4,Human,1,0,0,28,-0.8333333333333334,-0.8333333333333334,"-0.22800000000000004,-0.30000000000000004"
0.7,5,Human,1,0,0,3,-0.7,-0.7,"-0.168,-0.252"
1.2833333333333334,6,Human,0,0,0,40,-1.2833333333333334,-1.2833333333333334,"-0.6133600000000001,0.0"
0.9,7,Human,1,0,0,22,-0.9,-0.9,"-0.24600000000000005,-0.32400000000000007"
0.8666666666666667,8,Human,1,0,0,49,-0.8666666666666667,-0.8666666666666667,"-0.24,-0.31200000000000006"
1.5333333333333334,9,Human,0,0,0,18,-1.5333333333333334,-1.5333333333333334,"-0.6691200000000002,0.0"
1.6,10,Human,0,0,0,10,-1.6,-1.6,"-0.6734933333333335,0.0"
1.15,11,Human,0,0,0,50,-1.15,-1.15,"-0.5565066666666667,0.0"
0.7666666666666667,12,Human,1,0,0,15,-0.7666666666666667,-0.7666666666666667,"-0.22800000000000004,-0.276"
0.8333333333333334,13,Human,1,0,0,20,-0.8333333333333334,-0.8333333333333334,"-0.234,-0.30000000000000004"
1.45,14,Human,0,0,0,25,-1.45,-1.45,"-0.6461600000000001,0.0"
0.8666666666666667,15,Human,1,0,0,30,-0.8666666666666667,-0.8666666666666667,"-0.234,-0.31200000000000006"
0.5333333333333333,16,Human,0,0,0,5,-0.5333333333333333,-0.5333333333333333,"-0.30613333333333337,0.0"
1.3666666666666667,17,Human,0,0,0,32,-1.3666666666666667,-1.3666666666666667,"-0.6188266666666669,0.0"
1.5833333333333333,18,Human,0,0,0,8,-1.5833333333333333,-1.5833333333333333,"-0.6636533333333334,0.0"
0.9166666666666666,19,Human,1,0,0,38,-0.9166666666666666,-0.9166666666666666,"-0.24600000000000005,-0.33000000000000007"
