{"train/episode_reward": -1.8666666746139526, "trainer/step": 2, "_timestamp": 1721385697.234702, "_runtime": 48.06070899963379, "_step": 0}