{"0": [-0.8020729422569275, -0.7930416464805603, -0.8170833587646484, -0.8531250357627869, -0.8811562657356262, -0.8034062385559082, -0.8109062314033508, -0.8029791712760925, -0.8275312781333923, -0.8536146283149719, -0.8915833830833435, -0.8257812857627869, -0.8393229842185974, -0.8869895935058594, -0.8625624775886536, -0.804020881652832, -0.8893750309944153, -0.8861042261123657, -0.8399063348770142, -0.8120104074478149], "12": [-0.7704062461853027, -0.7874166965484619, -0.8243750929832458, -0.8370833396911621, -0.848031222820282, -0.7838229537010193, -0.8252812623977661, -0.8161041140556335, -0.8075312972068787, -0.8275730013847351, -0.8315834403038025, -0.8386979103088379, -0.8361978530883789, -0.8357395529747009, -0.8113124966621399, -0.8200624585151672, -0.8791666030883789, -0.864645779132843, -0.8867812156677246, -0.8320104479789734], "14": [-0.7820729613304138, -0.7874166369438171, -0.7860416769981384, -0.7977083325386047, -0.7744895815849304, -0.7344478964805603, -0.7721562385559082, -0.7677708268165588, -0.7387812733650208, -0.753614604473114, -0.7784583568572998, -0.7793229222297668, -0.7766146063804626, -0.7949062585830688, -0.7858958840370178, -0.7525625228881836, -0.8174999356269836, -0.7936041951179504, -0.7751145958900452, -0.7628437876701355], "17": [-0.8172812461853027, -0.8032499551773071, -0.825208306312561, -0.8187500238418579, -0.8299062848091125, -0.7894479036331177, -0.8563228845596313, -0.8475624918937683, -0.8333646059036255, -0.8452812433242798, -0.8630416989326477, -0.8686979413032532, -0.8474479913711548, -0.8611562848091125, -0.8473541140556335, -0.823395848274231, -0.8683333396911621, -0.8736042380332947, -0.8678228259086609, -0.867843747138977], "19": [-0.8712396621704102, -0.8665832877159119, -0.8416666388511658, -0.8766666650772095, -0.866364598274231, -0.7973646521568298, -0.800072968006134, -0.7877708077430725, -0.8123229146003723, -0.8227812647819519, -0.8486666679382324, -0.8318229913711548, -0.8284896016120911, -0.8724061846733093, -0.8529791831970215, -0.792354166507721, -0.8635417222976685, -0.8906875848770142, -0.8505312204360962, -0.8286771178245544]}