{"15": [-0.8337499499320984, -0.8058332800865173, -0.824999988079071, -0.8345832824707031, -0.7875000238418579, -0.8291667103767395, -0.8125, -0.8125, -0.8129166960716248, -0.7733332514762878], "17": [-0.89166659116745, -0.8987500071525574, -0.7950000166893005, -0.7979166507720947, -0.8829166293144226, -0.8220832943916321, -0.8512499928474426, -0.8666666150093079, -0.8645833134651184, -0.8554167151451111], "1": [-0.8512499928474426, -0.9029167294502258, -0.875, -0.8708333373069763, -0.8212499618530273, -0.830833375453949, -0.8274999856948853, -0.8608333468437195, -0.8162500262260437, -0.8608333468437195], "8": [-0.862083375453949, -0.8375000357627869, -0.8554167151451111, -0.8100000619888306, -0.82916659116745, -0.9108333587646484, -0.8391666412353516, -0.8695833086967468, -0.8241667151451111, -0.9074999690055847], "11": [-0.9387500882148743, -0.9387499690055847, -0.9320833086967468, -0.8666667938232422, -0.82916659116745, -0.8483333587646484, -0.8395833969116211, -0.8491666913032532, -0.8479167222976685, -0.7891666293144226]}