{"9": [-0.6474999785423279, -0.5683333277702332, -0.6170833706855774, -0.6358333826065063, -0.6879166960716248, -0.6791666746139526, -0.6670833230018616, -0.6991667151451111, -0.706250011920929, -0.6675000190734863], "7": [-0.6762499809265137, -0.6941666603088379, -0.65625, -0.6141666769981384, -0.6450000405311584, -0.6541666388511658, -0.6149999499320984, -0.5845832824707031, -0.5854167342185974, -0.5649999976158142], "4": [-0.8637501001358032, -0.8941666483879089, -0.8304166793823242, -0.8862499594688416, -0.8425000309944153, -0.7954166531562805, -0.7633333206176758, -0.7554166316986084, -0.8408333659172058, -0.78125], "6": [-0.793749988079071, -0.800000011920929, -0.8137500882148743, -0.8316666483879089, -0.8441666960716248, -0.7862499952316284, -0.7875000238418579, -0.7354167103767395, -0.7950000762939453, -0.7158333659172058], "8": [-0.768750011920929, -0.8295833468437195, -0.7862500548362732, -0.7554166316986084, -0.6637500524520874, -0.6183333396911621, -0.5879166722297668, -0.6145833730697632, -0.6604167222976685, -0.6250000596046448]}