{"0": [-0.8125, -0.9016666412353516, -0.9258333444595337, -0.7425000071525574, -0.7858332991600037, -0.76583331823349, -0.7858332991600037, -0.8583332896232605, -0.8808333277702332, -0.9283332824707031, -0.9283332824707031, -0.8800000548362732, -0.9266666769981384, -0.8816666603088379, -0.7649999856948853, -0.8141666650772095, -0.7883333563804626, -0.8566666841506958, -0.9024999737739563, -0.8141666650772095], "12": [-0.8716667294502258, -0.8016666769981384, -0.8566667437553406, -0.8350000381469727, -0.8608333468437195, -0.8083333969116211, -0.7983333468437195, -0.9450001120567322, -0.8341667056083679, -0.9216667413711548, -0.9125000238418579, -0.8608333468437195, -0.89166659116745, -0.9266666769981384, -0.85833340883255, -0.8833333253860474, -0.8641666769981384, -0.9058334231376648, -0.9175000190734863, -0.9133333563804626], "17": [-0.8733333945274353, -0.8208333849906921, -0.8816666007041931, -0.8333333134651184, -0.8341667056083679, -0.8833333849906921, -0.75, -0.8566666841506958, -0.8233333826065063, -0.8658332824707031, -0.8416666388511658, -0.8549999594688416, -0.7724999785423279, -0.8633333444595337, -0.9049999117851257, -0.8175000548362732, -0.7850000262260437, -0.809999942779541, -0.8066666722297668, -0.7441666722297668], "1": [-0.9333333373069763, -1.0191667079925537, -0.9200000166893005, -0.9274999499320984, -0.9408332705497742, -1.0066667795181274, -0.9425000548362732, -0.9666666984558105, -0.98333340883255, -1.0191667079925537, -0.9408332705497742, -0.9433333277702332, -0.9241666793823242, -0.940000057220459, -0.8433332443237305, -0.895833432674408, -0.824999988079071, -0.9041666388511658, -0.908333420753479, -0.9566666483879089], "8": [-0.949999988079071, -0.8583332896232605, -0.8550000190734863, -0.8725000619888306, -0.7950000166893005, -0.7891666293144226, -0.7483333349227905, -0.8375000357627869, -0.7866666913032532, -0.9358333945274353, -0.8558333516120911, -0.8225000500679016, -0.8216667175292969, -0.8691666722297668, -0.7674999833106995, -0.7408333420753479, -0.7316666841506958, -0.7875000238418579, -0.8366667032241821, -0.8608333468437195]}